{"stats":{"minecraft:crafted":{"minecraft:crafting_table":1,"minecraft:iron_sword":1,"minecraft:furnace":1,"minecraft:stone_axe":1,"minecraft:bread":87,"minecraft:cooked_mutton":7,"minecraft:air":0,"minecraft:iron_boots":1,"minecraft:iron_chestplate":1,"minecraft:stick":8,"minecraft:iron_ingot":5,"minecraft:stone_pickaxe":2,"minecraft:torch":24,"minecraft:wheat":256},"minecraft:picked_up":{"minecraft:cracked_deepslate_tiles":1,"minecraft:crafting_table":4,"minecraft:wheat":5,"minecraft:cooked_beef":13,"minecraft:golden_carrot":5,"minecraft:glow_ink_sac":1,"minecraft:redstone_lamp":7,"minecraft:lead":14,"minecraft:diamond_horse_armor":1,"minecraft:potion":1,"minecraft:tuff":2,"minecraft:polished_deepslate":4,"minecraft:dirt":2,"minecraft:raw_copper":11,"minecraft:iron_leggings":4,"minecraft:wheat_seeds":6,"minecraft:cobbled_deepslate":157,"minecraft:raw_gold":4,"minecraft:stone_pickaxe":1,"minecraft:iron_ingot":10,"minecraft:redstone_torch":1,"minecraft:iron_pickaxe":1,"minecraft:melon_slice":9,"minecraft:oak_planks":52,"minecraft:diamond_hoe":1,"minecraft:furnace":1,"minecraft:raw_iron":5,"minecraft:stick":5,"minecraft:torch":6,"minecraft:dandelion":3,"minecraft:porkchop":1,"minecraft:carrot":9,"minecraft:redstone":118,"minecraft:arrow":6,"minecraft:rotten_flesh":5,"minecraft:diamond":16,"minecraft:hay_block":49,"minecraft:iron_helmet":1,"minecraft:saddle":1,"minecraft:white_wool":3,"minecraft:mutton":17,"minecraft:coal":76,"minecraft:cobblestone":111},"minecraft:killed":{"minecraft:pig":2,"minecraft:sheep":3,"minecraft:skeleton":2,"minecraft:zombie":3},"minecraft:dropped":{"minecraft:iron_ingot":1,"minecraft:wheat_seeds":1,"minecraft:glow_ink_sac":1,"minecraft:raw_copper":11,"minecraft:cobbled_deepslate":15,"minecraft:glass_bottle":2,"minecraft:diamond":16,"minecraft:diamond_hoe":1,"minecraft:lead":1,"minecraft:cobblestone":10,"minecraft:oak_planks":44,"minecraft:cooked_mutton":3,"minecraft:saddle":1,"minecraft:dirt":2,"minecraft:torch":3,"minecraft:cracked_deepslate_tiles":1,"minecraft:potion":1,"minecraft:iron_leggings":3,"minecraft:arrow":3,"minecraft:stone_pickaxe":1,"minecraft:bone":31,"minecraft:white_wool":1,"minecraft:music_disc_cat":1,"minecraft:redstone":117},"minecraft:killed_by":{"minecraft:warden":8},"minecraft:mined":{"minecraft:deepslate_redstone_ore":8,"minecraft:tuff":2,"minecraft:glass_pane":2,"minecraft:deepslate_diamond_ore":10,"minecraft:sculk_vein":3,"minecraft:jungle_leaves":1,"minecraft:crafting_table":4,"minecraft:torch":3,"minecraft:short_grass":51,"minecraft:melon":2,"minecraft:sculk_sensor":8,"minecraft:redstone_wire":5,"minecraft:cobblestone":7,"minecraft:deepslate_gold_ore":5,"minecraft:oak_planks":2,"minecraft:sculk":31,"minecraft:wall_torch":3,"minecraft:deepslate_copper_ore":3,"minecraft:hay_block":50,"minecraft:magma_block":1,"minecraft:furnace":1,"minecraft:fire":3,"minecraft:iron_ore":3,"minecraft:cobbled_deepslate":14,"minecraft:cracked_deepslate_tiles":1,"minecraft:polished_deepslate":4,"minecraft:sculk_shrieker":7,"minecraft:vine":1,"minecraft:oak_log":3,"minecraft:coal_ore":43,"minecraft:deepslate_iron_ore":2,"minecraft:gravel":1,"minecraft:dirt":2,"minecraft:fern":3,"minecraft:stone":106,"minecraft:netherrack":1,"minecraft:oak_leaves":7,"minecraft:redstone_lamp":7,"minecraft:redstone_wall_torch":1,"minecraft:deepslate":152},"minecraft:broken":{"minecraft:stone_pickaxe":1,"minecraft:iron_pickaxe":1},"minecraft:custom":{"minecraft:interact_with_furnace":17,"minecraft:mob_kills":14,"minecraft:interact_with_crafting_table":11,"minecraft:leave_game":1,"minecraft:time_since_death":53097,"minecraft:climb_one_cm":5402,"minecraft:time_since_rest":53133,"minecraft:sprint_one_cm":160656,"minecraft:damage_taken":3329,"minecraft:walk_one_cm":150884,"minecraft:drop":43,"minecraft:damage_dealt":1786,"minecraft:fly_one_cm":183484,"minecraft:open_chest":16,"minecraft:crouch_one_cm":127294,"minecraft:play_time":124356,"minecraft:deaths":8,"minecraft:sneak_time":34855,"minecraft:walk_under_water_one_cm":4325,"minecraft:jump":1082,"minecraft:walk_on_water_one_cm":12633,"minecraft:total_world_time":124356,"minecraft:fall_one_cm":35714,"minecraft:horse_one_cm":2915017},"minecraft:used":{"minecraft:cooked_mutton":4,"minecraft:redstone":1,"minecraft:stone_pickaxe":154,"minecraft:iron_sword":88,"minecraft:rotten_flesh":5,"minecraft:torch":27,"minecraft:glow_berries":2,"minecraft:crafting_table":4,"minecraft:carrot":9,"minecraft:tuff":2,"minecraft:redstone_torch":1,"minecraft:bread":2,"minecraft:iron_pickaxe":253,"minecraft:iron_helmet":1,"minecraft:potion":2,"minecraft:stone_axe":21,"minecraft:redstone_lamp":3,"minecraft:golden_carrot":4,"minecraft:cobblestone":67,"minecraft:furnace":1,"minecraft:cooked_beef":1,"minecraft:experience_bottle":11,"minecraft:cobbled_deepslate":90,"minecraft:iron_leggings":1}},"DataVersion":3839}