{"stats":{"minecraft:crafted":{"minecraft:crafting_table":1,"minecraft:iron_sword":1,"minecraft:furnace":1,"minecraft:stone_axe":1,"minecraft:cooked_mutton":7,"minecraft:air":0,"minecraft:iron_boots":1,"minecraft:iron_chestplate":1,"minecraft:stick":8,"minecraft:iron_ingot":5,"minecraft:stone_pickaxe":2,"minecraft:torch":24},"minecraft:picked_up":{"minecraft:crafting_table":3,"minecraft:glow_ink_sac":1,"minecraft:tuff":2,"minecraft:dirt":2,"minecraft:raw_copper":11,"minecraft:iron_leggings":4,"minecraft:wheat_seeds":1,"minecraft:cobbled_deepslate":157,"minecraft:raw_gold":4,"minecraft:iron_ingot":10,"minecraft:iron_pickaxe":1,"minecraft:oak_planks":30,"minecraft:furnace":1,"minecraft:raw_iron":5,"minecraft:stick":5,"minecraft:torch":6,"minecraft:carrot":9,"minecraft:redstone":37,"minecraft:arrow":3,"minecraft:rotten_flesh":5,"minecraft:diamond":16,"minecraft:iron_helmet":1,"minecraft:saddle":1,"minecraft:mutton":7,"minecraft:coal":76,"minecraft:cobblestone":111},"minecraft:killed":{"minecraft:skeleton":2,"minecraft:zombie":3},"minecraft:dropped":{"minecraft:iron_ingot":1,"minecraft:wheat_seeds":1,"minecraft:glow_ink_sac":1,"minecraft:cobbled_deepslate":15,"minecraft:diamond":16,"minecraft:cobblestone":2,"minecraft:cooked_mutton":3,"minecraft:dirt":2,"minecraft:iron_leggings":3},"minecraft:killed_by":{"minecraft:warden":3},"minecraft:mined":{"minecraft:deepslate_redstone_ore":8,"minecraft:tuff":2,"minecraft:deepslate_diamond_ore":10,"minecraft:sculk_vein":3,"minecraft:crafting_table":3,"minecraft:torch":3,"minecraft:short_grass":2,"minecraft:sculk_sensor":5,"minecraft:cobblestone":7,"minecraft:deepslate_gold_ore":5,"minecraft:oak_planks":2,"minecraft:sculk":28,"minecraft:wall_torch":3,"minecraft:deepslate_copper_ore":3,"minecraft:furnace":1,"minecraft:iron_ore":3,"minecraft:cobbled_deepslate":14,"minecraft:sculk_shrieker":4,"minecraft:coal_ore":43,"minecraft:deepslate_iron_ore":2,"minecraft:gravel":1,"minecraft:dirt":2,"minecraft:stone":106,"minecraft:deepslate":152},"minecraft:broken":{"minecraft:stone_pickaxe":1,"minecraft:iron_pickaxe":1},"minecraft:custom":{"minecraft:interact_with_furnace":17,"minecraft:mob_kills":5,"minecraft:interact_with_crafting_table":10,"minecraft:leave_game":1,"minecraft:time_since_death":2356,"minecraft:time_since_rest":2387,"minecraft:sprint_one_cm":92685,"minecraft:damage_taken":1433,"minecraft:walk_one_cm":73927,"minecraft:drop":13,"minecraft:damage_dealt":1309,"minecraft:fly_one_cm":105033,"minecraft:open_chest":8,"minecraft:crouch_one_cm":67073,"minecraft:play_time":52356,"minecraft:deaths":3,"minecraft:sneak_time":22062,"minecraft:walk_under_water_one_cm":3306,"minecraft:jump":577,"minecraft:walk_on_water_one_cm":4803,"minecraft:total_world_time":52356,"minecraft:fall_one_cm":15928},"minecraft:used":{"minecraft:cooked_mutton":4,"minecraft:stone_pickaxe":135,"minecraft:iron_sword":26,"minecraft:rotten_flesh":5,"minecraft:torch":25,"minecraft:crafting_table":3,"minecraft:carrot":9,"minecraft:tuff":2,"minecraft:iron_pickaxe":253,"minecraft:iron_helmet":1,"minecraft:stone_axe":15,"minecraft:cobblestone":50,"minecraft:furnace":1,"minecraft:cobbled_deepslate":14,"minecraft:iron_leggings":1}},"DataVersion":3839}