{"stats":{"minecraft:crafted":{"minecraft:crafting_table":1,"minecraft:iron_sword":1,"minecraft:furnace":1,"minecraft:stone_axe":1,"minecraft:cooked_mutton":7,"minecraft:air":0,"minecraft:iron_boots":1,"minecraft:iron_chestplate":1,"minecraft:stick":8,"minecraft:iron_ingot":5,"minecraft:stone_pickaxe":2,"minecraft:torch":24},"minecraft:picked_up":{"minecraft:cracked_deepslate_tiles":1,"minecraft:crafting_table":3,"minecraft:golden_carrot":5,"minecraft:glow_ink_sac":1,"minecraft:redstone_lamp":7,"minecraft:lead":1,"minecraft:tuff":2,"minecraft:polished_deepslate":4,"minecraft:dirt":2,"minecraft:raw_copper":11,"minecraft:iron_leggings":4,"minecraft:wheat_seeds":1,"minecraft:cobbled_deepslate":157,"minecraft:raw_gold":4,"minecraft:stone_pickaxe":1,"minecraft:iron_ingot":10,"minecraft:redstone_torch":1,"minecraft:iron_pickaxe":1,"minecraft:oak_planks":52,"minecraft:furnace":1,"minecraft:raw_iron":5,"minecraft:stick":5,"minecraft:torch":6,"minecraft:porkchop":1,"minecraft:carrot":9,"minecraft:redstone":118,"minecraft:arrow":3,"minecraft:rotten_flesh":5,"minecraft:diamond":16,"minecraft:iron_helmet":1,"minecraft:saddle":1,"minecraft:mutton":12,"minecraft:coal":76,"minecraft:cobblestone":111},"minecraft:killed":{"minecraft:pig":2,"minecraft:sheep":3,"minecraft:skeleton":2,"minecraft:zombie":3},"minecraft:dropped":{"minecraft:iron_ingot":1,"minecraft:wheat_seeds":1,"minecraft:glow_ink_sac":1,"minecraft:raw_copper":11,"minecraft:cobbled_deepslate":15,"minecraft:diamond":16,"minecraft:cobblestone":10,"minecraft:oak_planks":44,"minecraft:cooked_mutton":3,"minecraft:saddle":1,"minecraft:dirt":2,"minecraft:torch":1,"minecraft:cracked_deepslate_tiles":1,"minecraft:iron_leggings":3,"minecraft:stone_pickaxe":1,"minecraft:music_disc_cat":1,"minecraft:redstone":117},"minecraft:killed_by":{"minecraft:warden":8},"minecraft:mined":{"minecraft:deepslate_redstone_ore":8,"minecraft:tuff":2,"minecraft:glass_pane":2,"minecraft:deepslate_diamond_ore":10,"minecraft:sculk_vein":3,"minecraft:crafting_table":3,"minecraft:torch":3,"minecraft:short_grass":2,"minecraft:sculk_sensor":8,"minecraft:redstone_wire":5,"minecraft:cobblestone":7,"minecraft:deepslate_gold_ore":5,"minecraft:oak_planks":2,"minecraft:sculk":31,"minecraft:wall_torch":3,"minecraft:deepslate_copper_ore":3,"minecraft:furnace":1,"minecraft:iron_ore":3,"minecraft:cobbled_deepslate":14,"minecraft:cracked_deepslate_tiles":1,"minecraft:polished_deepslate":4,"minecraft:sculk_shrieker":7,"minecraft:coal_ore":43,"minecraft:deepslate_iron_ore":2,"minecraft:gravel":1,"minecraft:dirt":2,"minecraft:stone":106,"minecraft:redstone_lamp":7,"minecraft:redstone_wall_torch":1,"minecraft:deepslate":152},"minecraft:broken":{"minecraft:stone_pickaxe":1,"minecraft:iron_pickaxe":1},"minecraft:custom":{"minecraft:interact_with_furnace":17,"minecraft:mob_kills":10,"minecraft:interact_with_crafting_table":10,"minecraft:leave_game":1,"minecraft:time_since_death":5097,"minecraft:climb_one_cm":2456,"minecraft:time_since_rest":5133,"minecraft:sprint_one_cm":123401,"minecraft:damage_taken":2826,"minecraft:walk_one_cm":104318,"minecraft:drop":34,"minecraft:damage_dealt":1727,"minecraft:fly_one_cm":151732,"minecraft:open_chest":14,"minecraft:crouch_one_cm":123881,"minecraft:play_time":76356,"minecraft:deaths":8,"minecraft:sneak_time":34272,"minecraft:walk_under_water_one_cm":3306,"minecraft:jump":776,"minecraft:walk_on_water_one_cm":4803,"minecraft:total_world_time":76356,"minecraft:fall_one_cm":25147,"minecraft:horse_one_cm":247401},"minecraft:used":{"minecraft:cooked_mutton":4,"minecraft:redstone":1,"minecraft:stone_pickaxe":150,"minecraft:iron_sword":39,"minecraft:rotten_flesh":5,"minecraft:torch":27,"minecraft:crafting_table":3,"minecraft:carrot":9,"minecraft:tuff":2,"minecraft:redstone_torch":1,"minecraft:iron_pickaxe":253,"minecraft:iron_helmet":1,"minecraft:stone_axe":15,"minecraft:redstone_lamp":2,"minecraft:golden_carrot":2,"minecraft:cobblestone":67,"minecraft:furnace":1,"minecraft:cobbled_deepslate":16,"minecraft:iron_leggings":1}},"DataVersion":3839}