{"stats":{"minecraft:mined":{"minecraft:tuff":3,"minecraft:white_bed":2,"minecraft:mossy_cobblestone":10,"minecraft:deepslate_diamond_ore":14,"minecraft:candle":18,"minecraft:cherry_log":3,"minecraft:jungle_leaves":7,"minecraft:glow_lichen":1,"minecraft:budding_amethyst":8,"minecraft:grass_block":10,"minecraft:composter":1,"minecraft:hay_block":29,"minecraft:tall_seagrass":1,"minecraft:magma_block":1,"minecraft:furnace":1,"minecraft:carrots":39,"minecraft:iron_ore":40,"minecraft:polished_basalt":1,"minecraft:fire":3,"minecraft:chiseled_deepslate":1,"minecraft:deepslate_lapis_ore":6,"minecraft:azure_bluet":1,"minecraft:bell":1,"minecraft:sculk_shrieker":11,"minecraft:potatoes":13,"minecraft:dirt_path":5,"minecraft:vine":1,"minecraft:water_cauldron":4,"minecraft:small_amethyst_bud":1,"minecraft:stripped_oak_log":2,"minecraft:bamboo":3,"minecraft:stone":102,"minecraft:white_wool":1,"minecraft:cherry_planks":1,"minecraft:medium_amethyst_bud":1,"minecraft:amethyst_cluster":2,"minecraft:dandelion":3,"minecraft:powder_snow":4,"minecraft:soul_lantern":21,"minecraft:crafting_table":5,"minecraft:torch":3,"minecraft:short_grass":32,"minecraft:calcite":1,"minecraft:sculk_sensor":7,"minecraft:tall_grass":11,"minecraft:white_candle":6,"minecraft:cobblestone":33,"minecraft:deepslate_gold_ore":38,"minecraft:lily_pad":1,"minecraft:grindstone":2,"minecraft:oak_planks":1,"minecraft:sculk":19,"minecraft:amethyst_block":64,"minecraft:pink_petals":1,"minecraft:birch_planks":1,"minecraft:birch_log":18,"minecraft:wheat":52,"minecraft:yellow_bed":2,"minecraft:coal_ore":32,"minecraft:beetroots":3,"minecraft:cocoa":1,"minecraft:gravel":7,"minecraft:sunflower":6,"minecraft:dirt":11,"minecraft:netherrack":76,"minecraft:gold_ore":15,"minecraft:oak_leaves":21,"minecraft:deepslate":38,"minecraft:nether_gold_ore":4},"minecraft:picked_up":{"minecraft:cocoa_beans":3,"minecraft:crafting_table":4,"minecraft:iron_chestplate":1,"minecraft:wheat":18,"minecraft:azure_bluet":3,"minecraft:chicken":2,"minecraft:ladder":1,"minecraft:leather_leggings":1,"minecraft:lead":14,"minecraft:wooden_pickaxe":1,"minecraft:enchanted_book":1,"minecraft:diamond_horse_armor":2,"minecraft:shield":1,"minecraft:amethyst_block":63,"minecraft:cornflower":1,"minecraft:string":7,"minecraft:iron_leggings":4,"minecraft:pufferfish":2,"minecraft:beetroot":2,"minecraft:diamond_leggings":1,"minecraft:deepslate_tiles":1,"minecraft:candle":38,"minecraft:gold_nugget":12,"minecraft:cobbled_deepslate":34,"minecraft:calcite":2,"minecraft:iron_pickaxe":2,"minecraft:enchanted_golden_apple":2,"minecraft:birch_sapling":2,"minecraft:furnace":2,"minecraft:raw_iron":39,"minecraft:stick":2,"minecraft:composter":1,"minecraft:torch":5,"minecraft:porkchop":3,"minecraft:cherry_log":3,"minecraft:carrot":57,"minecraft:cauldron":4,"minecraft:arrow":9,"minecraft:rotten_flesh":14,"minecraft:tropical_fish":2,"minecraft:beetroot_seeds":5,"minecraft:polished_basalt":1,"minecraft:hay_block":29,"minecraft:cracked_deepslate_bricks":1,"minecraft:saddle":2,"minecraft:mutton":16,"minecraft:cod":8,"minecraft:snowball":2,"minecraft:white_wool":5,"minecraft:cobblestone":121,"minecraft:stripped_oak_log":2,"minecraft:birch_log":18,"minecraft:pink_petals":58,"minecraft:magma_block":1,"minecraft:feather":6,"minecraft:cooked_beef":12,"minecraft:cherry_planks":1,"minecraft:glow_ink_sac":2,"minecraft:salmon":1,"minecraft:potato":20,"minecraft:birch_planks":63,"minecraft:flint":1,"minecraft:tuff":4,"minecraft:lily_pad":2,"minecraft:golden_boots":2,"minecraft:yellow_bed":1,"minecraft:lapis_lazuli":43,"minecraft:dirt":46,"minecraft:name_tag":1,"minecraft:piglin_head":1,"minecraft:bone":16,"minecraft:apple":3,"minecraft:wheat_seeds":106,"minecraft:raw_gold":51,"minecraft:bell":1,"minecraft:grindstone":2,"minecraft:iron_ingot":18,"minecraft:glowstone_dust":4,"minecraft:bamboo":27,"minecraft:oak_planks":1,"minecraft:book":1,"minecraft:cooked_porkchop":5,"minecraft:sculk":2,"minecraft:dandelion":5,"minecraft:gravel":5,"minecraft:amethyst_shard":8,"minecraft:white_bed":2,"minecraft:spider_eye":2,"minecraft:mossy_cobblestone":7,"minecraft:white_candle":12,"minecraft:sculk_sensor":2,"minecraft:diamond":37,"minecraft:soul_lantern":20,"minecraft:iron_helmet":2,"minecraft:cherry_sapling":3,"minecraft:emerald":1,"minecraft:bread":39,"minecraft:baked_potato":72,"minecraft:oak_sapling":1,"minecraft:netherrack":87,"minecraft:coal":74,"minecraft:chiseled_deepslate":1,"minecraft:sunflower":5},"minecraft:used":{"minecraft:cherry_sapling":1,"minecraft:chiseled_deepslate":1,"minecraft:tropical_fish":2,"minecraft:ladder":1,"minecraft:shield":15,"minecraft:iron_sword":265,"minecraft:sculk_sensor":2,"minecraft:rotten_flesh":4,"minecraft:netherrack":4,"minecraft:iron_chestplate":1,"minecraft:torch":8,"minecraft:dirt":17,"minecraft:carrot":26,"minecraft:snowball":2,"minecraft:lava_bucket":25,"minecraft:iron_axe":31,"minecraft:iron_helmet":1,"minecraft:furnace":2,"minecraft:potato":21,"minecraft:cobbled_deepslate":10,"minecraft:wheat_seeds":32,"minecraft:water_bucket":13,"minecraft:leather_leggings":1,"minecraft:baked_potato":4,"minecraft:birch_planks":43,"minecraft:stone_pickaxe":247,"minecraft:wooden_pickaxe":3,"minecraft:white_wool":2,"minecraft:salmon":1,"minecraft:mossy_cobblestone":2,"minecraft:crafting_table":9,"minecraft:white_bed":2,"minecraft:deepslate_tiles":1,"minecraft:apple":9,"minecraft:chicken":1,"minecraft:bread":61,"minecraft:iron_pickaxe":328,"minecraft:gravel":4,"minecraft:soul_lantern":1,"minecraft:stone_axe":20,"minecraft:fishing_rod":36,"minecraft:cobblestone":78,"minecraft:grindstone":2,"minecraft:cooked_porkchop":5,"minecraft:bucket":41,"minecraft:yellow_bed":1},"minecraft:dropped":{"minecraft:water_bucket":1,"minecraft:golden_boots":1,"minecraft:iron_ingot":3,"minecraft:bread":33,"minecraft:birch_planks":76,"minecraft:porkchop":2,"minecraft:wheat_seeds":11,"minecraft:lapis_lazuli":16,"minecraft:baked_potato":2,"minecraft:mossy_cobblestone":5,"minecraft:diamond":36,"minecraft:golden_horse_armor":1,"minecraft:iron_helmet":2,"minecraft:feather":6,"minecraft:cobblestone":23,"minecraft:lead":2,"minecraft:book":2,"minecraft:apple":3,"minecraft:piglin_head":1,"minecraft:saddle":2,"minecraft:coal":43,"minecraft:flint":1,"minecraft:cod":2,"minecraft:pufferfish":1,"minecraft:stick":6,"minecraft:emerald":1,"minecraft:diamond_horse_armor":2,"minecraft:dirt":29,"minecraft:sculk":2,"minecraft:torch":11,"minecraft:cornflower":1,"minecraft:mutton":14,"minecraft:cherry_planks":1,"minecraft:iron_leggings":4,"minecraft:gold_nugget":12,"minecraft:sunflower":5,"minecraft:polished_basalt":1,"minecraft:iron_pickaxe":3,"minecraft:string":5,"minecraft:pink_petals":56,"minecraft:lily_pad":1,"minecraft:white_wool":3,"minecraft:bone":1,"minecraft:dandelion":4,"minecraft:gravel":1,"minecraft:furnace":1,"minecraft:stone_axe":1,"minecraft:cobbled_deepslate":24,"minecraft:tuff":4,"minecraft:wheat":5,"minecraft:birch_sapling":2,"minecraft:composter":1,"minecraft:raw_iron":17,"minecraft:cherry_sapling":2,"minecraft:beetroot":1,"minecraft:chicken":1,"minecraft:rotten_flesh":9,"minecraft:glowstone_dust":4,"minecraft:azure_bluet":3,"minecraft:carrot":12,"minecraft:poppy":1,"minecraft:potato":17,"minecraft:iron_chestplate":2,"minecraft:oak_sapling":1,"minecraft:leather_leggings":1,"minecraft:spider_eye":2,"minecraft:arrow":10,"minecraft:wooden_pickaxe":2,"minecraft:raw_gold":27,"minecraft:cracked_deepslate_bricks":1,"minecraft:calcite":2,"minecraft:netherrack":64},"minecraft:custom":{"minecraft:interact_with_anvil":1,"minecraft:mob_kills":48,"minecraft:animals_bred":1,"minecraft:interact_with_crafting_table":25,"minecraft:leave_game":15,"minecraft:time_since_death":33972,"minecraft:climb_one_cm":13010,"minecraft:sprint_one_cm":623652,"minecraft:walk_one_cm":645336,"minecraft:damage_blocked_by_shield":595,"minecraft:drop":164,"minecraft:talked_to_villager":11,"minecraft:play_time":340494,"minecraft:sneak_time":54918,"minecraft:deaths":28,"minecraft:walk_under_water_one_cm":23116,"minecraft:jump":4352,"minecraft:walk_on_water_one_cm":40156,"minecraft:total_world_time":340494,"minecraft:interact_with_furnace":19,"minecraft:sleep_in_bed":4,"minecraft:time_since_rest":34001,"minecraft:damage_taken":9656,"minecraft:damage_dealt":8209,"minecraft:player_kills":2,"minecraft:swim_one_cm":54480,"minecraft:fly_one_cm":701299,"minecraft:open_chest":32,"minecraft:crouch_one_cm":203447,"minecraft:fish_caught":12,"minecraft:fall_one_cm":168546,"minecraft:use_cauldron":1,"minecraft:horse_one_cm":1439204},"minecraft:crafted":{"minecraft:cherry_planks":12,"minecraft:oak_planks":8,"minecraft:fishing_rod":1,"minecraft:furnace":1,"minecraft:pink_dye":2,"minecraft:stone_pickaxe":2,"minecraft:wheat":261,"minecraft:crafting_table":5,"minecraft:wooden_pickaxe":1,"minecraft:iron_sword":1,"minecraft:bucket":3,"minecraft:birch_planks":72,"minecraft:stone_axe":2,"minecraft:bread":59,"minecraft:air":0,"minecraft:iron_chestplate":2,"minecraft:stick":28,"minecraft:iron_ingot":21,"minecraft:iron_pickaxe":3,"minecraft:torch":16},"minecraft:killed_by":{"minecraft:player":1,"minecraft:piglin":1,"minecraft:warden":17,"minecraft:skeleton":1,"minecraft:zombie":1},"minecraft:broken":{"minecraft:golden_boots":1,"minecraft:iron_chestplate":1,"minecraft:stone_pickaxe":2,"minecraft:iron_sword":1,"minecraft:iron_pickaxe":1},"minecraft:killed":{"minecraft:spider":4,"minecraft:skeleton":10,"minecraft:silverfish":6,"minecraft:pig":1,"minecraft:salmon":1,"minecraft:iron_golem":1,"minecraft:sheep":5,"minecraft:goat":1,"minecraft:zombie":14}},"DataVersion":3839}