{"stats":{"minecraft:mined":{"minecraft:white_bed":2,"minecraft:cherry_log":263,"minecraft:jungle_leaves":7,"minecraft:budding_amethyst":8,"minecraft:grass_block":709,"minecraft:composter":1,"minecraft:tall_seagrass":1,"minecraft:magma_block":1,"minecraft:iron_ore":40,"minecraft:fire":3,"minecraft:deepslate_lapis_ore":6,"minecraft:azure_bluet":5,"minecraft:sculk_shrieker":11,"minecraft:water_cauldron":4,"minecraft:dirt_path":23,"minecraft:small_amethyst_bud":1,"minecraft:green_carpet":2,"minecraft:medium_amethyst_bud":1,"minecraft:amethyst_cluster":2,"minecraft:soul_lantern":21,"minecraft:powder_snow":4,"minecraft:torch":3,"minecraft:calcite":1,"minecraft:cobblestone":38,"minecraft:white_candle":6,"minecraft:grindstone":3,"minecraft:oak_planks":1,"minecraft:wall_torch":1,"minecraft:amethyst_block":64,"minecraft:pink_petals":22,"minecraft:birch_log":18,"minecraft:wheat":52,"minecraft:beetroots":3,"minecraft:dirt":534,"minecraft:netherrack":76,"minecraft:oak_leaves":21,"minecraft:deepslate":38,"minecraft:nether_gold_ore":4,"minecraft:tuff":3,"minecraft:mossy_cobblestone":10,"minecraft:candle":18,"minecraft:deepslate_diamond_ore":14,"minecraft:glow_lichen":1,"minecraft:hay_block":29,"minecraft:furnace":1,"minecraft:carrots":39,"minecraft:polished_basalt":1,"minecraft:snow":4,"minecraft:chiseled_deepslate":1,"minecraft:bell":1,"minecraft:potatoes":13,"minecraft:vine":1,"minecraft:stripped_oak_log":2,"minecraft:bamboo":3,"minecraft:stone":120,"minecraft:white_wool":1,"minecraft:cherry_planks":18,"minecraft:snow_block":82,"minecraft:dandelion":9,"minecraft:crafting_table":5,"minecraft:short_grass":115,"minecraft:sculk_sensor":7,"minecraft:tall_grass":21,"minecraft:deepslate_gold_ore":38,"minecraft:lily_pad":1,"minecraft:sculk":19,"minecraft:birch_planks":1,"minecraft:yellow_bed":2,"minecraft:coal_ore":32,"minecraft:cocoa":1,"minecraft:cherry_leaves":15,"minecraft:sunflower":6,"minecraft:gravel":7,"minecraft:gold_ore":15},"minecraft:picked_up":{"minecraft:chiseled_deepslate":1,"minecraft:iron_chestplate":1,"minecraft:wheat":18,"minecraft:lead":14,"minecraft:enchanted_book":1,"minecraft:amethyst_block":63,"minecraft:string":7,"minecraft:iron_leggings":4,"minecraft:pufferfish":2,"minecraft:beetroot":2,"minecraft:deepslate_tiles":1,"minecraft:diamond_leggings":2,"minecraft:gold_nugget":12,"minecraft:cobbled_deepslate":34,"minecraft:calcite":2,"minecraft:iron_pickaxe":2,"minecraft:enchanted_golden_apple":2,"minecraft:furnace":2,"minecraft:stick":20,"minecraft:composter":1,"minecraft:torch":6,"minecraft:porkchop":3,"minecraft:cherry_log":347,"minecraft:cauldron":4,"minecraft:rotten_flesh":20,"minecraft:tropical_fish":2,"minecraft:polished_basalt":1,"minecraft:snowball":513,"minecraft:cod":8,"minecraft:cobblestone":143,"minecraft:birch_log":18,"minecraft:pink_petals":114,"minecraft:magma_block":1,"minecraft:feather":6,"minecraft:cooked_beef":12,"minecraft:cherry_planks":145,"minecraft:potato":21,"minecraft:flint":1,"minecraft:tuff":4,"minecraft:lapis_lazuli":43,"minecraft:dirt":1278,"minecraft:name_tag":1,"minecraft:bone":16,"minecraft:wheat_seeds":126,"minecraft:raw_gold":51,"minecraft:bell":1,"minecraft:grindstone":3,"minecraft:glowstone_dust":4,"minecraft:bamboo":27,"minecraft:oak_planks":1,"minecraft:cooked_porkchop":5,"minecraft:mossy_cobblestone":7,"minecraft:white_candle":12,"minecraft:diamond":37,"minecraft:soul_lantern":20,"minecraft:bread":39,"minecraft:emerald":1,"minecraft:oak_sapling":1,"minecraft:netherrack":87,"minecraft:cocoa_beans":3,"minecraft:crafting_table":4,"minecraft:azure_bluet":21,"minecraft:chicken":2,"minecraft:ladder":1,"minecraft:leather_leggings":1,"minecraft:wooden_pickaxe":1,"minecraft:diamond_horse_armor":2,"minecraft:shield":1,"minecraft:cornflower":1,"minecraft:candle":38,"minecraft:birch_sapling":2,"minecraft:raw_iron":39,"minecraft:carrot":57,"minecraft:arrow":9,"minecraft:beetroot_seeds":6,"minecraft:hay_block":29,"minecraft:cracked_deepslate_bricks":1,"minecraft:saddle":2,"minecraft:mutton":16,"minecraft:white_wool":5,"minecraft:stripped_oak_log":2,"minecraft:glow_ink_sac":2,"minecraft:salmon":2,"minecraft:birch_planks":63,"minecraft:lily_pad":2,"minecraft:golden_boots":2,"minecraft:yellow_bed":1,"minecraft:piglin_head":1,"minecraft:apple":3,"minecraft:iron_ingot":18,"minecraft:book":1,"minecraft:sculk":2,"minecraft:dandelion":38,"minecraft:gravel":5,"minecraft:amethyst_shard":8,"minecraft:white_bed":2,"minecraft:green_carpet":2,"minecraft:spider_eye":2,"minecraft:sculk_sensor":2,"minecraft:stone_axe":1,"minecraft:iron_helmet":3,"minecraft:cherry_sapling":43,"minecraft:baked_potato":72,"minecraft:coal":74,"minecraft:sunflower":5},"minecraft:dropped":{"minecraft:porkchop":2,"minecraft:birch_planks":76,"minecraft:lapis_lazuli":16,"minecraft:baked_potato":2,"minecraft:diamond":36,"minecraft:saddle":2,"minecraft:cod":2,"minecraft:flint":1,"minecraft:emerald":1,"minecraft:dirt":96,"minecraft:cornflower":1,"minecraft:mutton":14,"minecraft:snowball":6,"minecraft:gold_nugget":12,"minecraft:sunflower":5,"minecraft:iron_pickaxe":3,"minecraft:white_wool":3,"minecraft:bone":1,"minecraft:gravel":1,"minecraft:stone_axe":2,"minecraft:cobbled_deepslate":24,"minecraft:birch_sapling":2,"minecraft:wheat":5,"minecraft:cherry_sapling":2,"minecraft:beetroot":1,"minecraft:rotten_flesh":9,"minecraft:glowstone_dust":4,"minecraft:azure_bluet":15,"minecraft:carrot":12,"minecraft:poppy":1,"minecraft:beetroot_seeds":2,"minecraft:leather_leggings":1,"minecraft:arrow":10,"minecraft:netherrack":64,"minecraft:iron_ingot":3,"minecraft:water_bucket":1,"minecraft:golden_boots":1,"minecraft:bread":33,"minecraft:wheat_seeds":28,"minecraft:cherry_log":78,"minecraft:mossy_cobblestone":5,"minecraft:golden_horse_armor":1,"minecraft:diamond_leggings":1,"minecraft:lead":2,"minecraft:feather":6,"minecraft:iron_helmet":4,"minecraft:cobblestone":31,"minecraft:book":2,"minecraft:apple":3,"minecraft:piglin_head":1,"minecraft:coal":43,"minecraft:stick":8,"minecraft:pufferfish":1,"minecraft:diamond_horse_armor":2,"minecraft:sculk":2,"minecraft:torch":11,"minecraft:cherry_planks":68,"minecraft:iron_leggings":4,"minecraft:polished_basalt":1,"minecraft:string":5,"minecraft:pink_petals":86,"minecraft:lily_pad":1,"minecraft:dandelion":22,"minecraft:furnace":1,"minecraft:tuff":4,"minecraft:raw_iron":17,"minecraft:composter":1,"minecraft:stone_shovel":1,"minecraft:chicken":1,"minecraft:potato":17,"minecraft:iron_chestplate":2,"minecraft:oak_sapling":1,"minecraft:spider_eye":2,"minecraft:wooden_pickaxe":2,"minecraft:raw_gold":27,"minecraft:cracked_deepslate_bricks":1,"minecraft:calcite":2},"minecraft:used":{"minecraft:cherry_sapling":36,"minecraft:iron_shovel":942,"minecraft:chiseled_deepslate":1,"minecraft:ladder":1,"minecraft:shield":15,"minecraft:iron_sword":265,"minecraft:rotten_flesh":4,"minecraft:sculk_sensor":2,"minecraft:iron_chestplate":1,"minecraft:carrot":26,"minecraft:snowball":2,"minecraft:lava_bucket":25,"minecraft:iron_helmet":1,"minecraft:furnace":2,"minecraft:potato":22,"minecraft:leather_leggings":1,"minecraft:stone_pickaxe":247,"minecraft:wooden_pickaxe":3,"minecraft:white_wool":2,"minecraft:deepslate_tiles":1,"minecraft:bread":85,"minecraft:gravel":4,"minecraft:soul_lantern":1,"minecraft:grindstone":3,"minecraft:tropical_fish":2,"minecraft:stone_shovel":454,"minecraft:netherrack":4,"minecraft:torch":8,"minecraft:dirt":390,"minecraft:iron_axe":334,"minecraft:cobbled_deepslate":10,"minecraft:cherry_log":250,"minecraft:wheat_seeds":35,"minecraft:water_bucket":15,"minecraft:snow_block":95,"minecraft:birch_planks":43,"minecraft:baked_potato":4,"minecraft:cherry_planks":50,"minecraft:salmon":1,"minecraft:mossy_cobblestone":2,"minecraft:crafting_table":10,"minecraft:white_bed":2,"minecraft:apple":10,"minecraft:chicken":1,"minecraft:iron_pickaxe":394,"minecraft:stone_axe":26,"minecraft:pink_petals":3,"minecraft:green_carpet":2,"minecraft:fishing_rod":39,"minecraft:cobblestone":79,"minecraft:cooked_porkchop":5,"minecraft:bucket":43,"minecraft:yellow_bed":1},"minecraft:custom":{"minecraft:animals_bred":1,"minecraft:interact_with_crafting_table":28,"minecraft:leave_game":17,"minecraft:time_since_death":26369,"minecraft:sprint_one_cm":816359,"minecraft:damage_blocked_by_shield":595,"minecraft:drop":204,"minecraft:talked_to_villager":12,"minecraft:play_time":465268,"minecraft:deaths":35,"minecraft:jump":5885,"minecraft:walk_on_water_one_cm":42999,"minecraft:interact_with_furnace":19,"minecraft:sleep_in_bed":8,"minecraft:damage_dealt":9785,"minecraft:player_kills":3,"minecraft:crouch_one_cm":244150,"minecraft:use_cauldron":1,"minecraft:horse_one_cm":1500488,"minecraft:mob_kills":54,"minecraft:interact_with_anvil":1,"minecraft:climb_one_cm":13010,"minecraft:walk_one_cm":1056989,"minecraft:sneak_time":65009,"minecraft:walk_under_water_one_cm":26939,"minecraft:boat_one_cm":22958,"minecraft:total_world_time":465268,"minecraft:time_since_rest":24654,"minecraft:damage_taken":12625,"minecraft:swim_one_cm":60538,"minecraft:fly_one_cm":907347,"minecraft:open_chest":42,"minecraft:fish_caught":13,"minecraft:fall_one_cm":209226},"minecraft:crafted":{"minecraft:oak_planks":8,"minecraft:crafting_table":6,"minecraft:wooden_pickaxe":1,"minecraft:birch_planks":72,"minecraft:iron_chestplate":2,"minecraft:stick":28,"minecraft:iron_ingot":21,"minecraft:iron_pickaxe":3,"minecraft:snow_block":128,"minecraft:cherry_planks":76,"minecraft:stone_shovel":5,"minecraft:fishing_rod":1,"minecraft:furnace":1,"minecraft:pink_dye":2,"minecraft:stone_pickaxe":2,"minecraft:wheat":261,"minecraft:iron_sword":1,"minecraft:bucket":3,"minecraft:stone_axe":2,"minecraft:bread":59,"minecraft:air":0,"minecraft:iron_shovel":3,"minecraft:torch":16},"minecraft:killed_by":{"minecraft:piglin":1,"minecraft:zombie":1,"minecraft:player":6,"minecraft:warden":17,"minecraft:skeleton":1},"minecraft:broken":{"minecraft:iron_shovel":4,"minecraft:golden_boots":1,"minecraft:iron_chestplate":1,"minecraft:stone_pickaxe":2,"minecraft:iron_sword":1,"minecraft:stone_shovel":3,"minecraft:iron_axe":2,"minecraft:iron_pickaxe":1},"minecraft:killed":{"minecraft:spider":4,"minecraft:skeleton":10,"minecraft:silverfish":6,"minecraft:pig":1,"minecraft:salmon":1,"minecraft:iron_golem":1,"minecraft:sheep":5,"minecraft:goat":1,"minecraft:zombie":19}},"DataVersion":3839}