{"stats":{"minecraft:broken":{"minecraft:iron_shovel":3,"minecraft:diamond_helmet":1,"minecraft:iron_boots":1,"minecraft:iron_chestplate":1,"minecraft:iron_leggings":2,"minecraft:stone_pickaxe":1,"minecraft:wooden_sword":1,"minecraft:iron_sword":3,"minecraft:shield":1,"minecraft:golden_axe":1,"minecraft:iron_axe":3,"minecraft:iron_pickaxe":3,"minecraft:iron_helmet":1},"minecraft:mined":{"minecraft:dark_oak_planks":14,"minecraft:white_bed":5,"minecraft:mossy_stone_brick_slab":3,"minecraft:cherry_log":429,"minecraft:cherry_trapdoor":14,"minecraft:cave_vines_plant":4,"minecraft:granite":5,"minecraft:grass_block":570,"minecraft:cracked_polished_blackstone_bricks":10,"minecraft:chiseled_tuff_bricks":2,"minecraft:oxeye_daisy":3,"minecraft:tuff_bricks":21,"minecraft:polished_blackstone_bricks":13,"minecraft:tall_seagrass":3,"minecraft:bamboo_wall_hanging_sign":4,"minecraft:cobbled_deepslate":2,"minecraft:iron_ore":94,"minecraft:fire":3,"minecraft:polished_tuff":1,"minecraft:moss_carpet":11,"minecraft:pumpkin":2,"minecraft:fletching_table":1,"minecraft:deepslate_lapis_ore":6,"minecraft:azure_bluet":4,"minecraft:dark_oak_stairs":3,"minecraft:pointed_dripstone":5,"minecraft:cave_vines":13,"minecraft:dirt_path":2,"minecraft:oak_stairs":1,"minecraft:green_carpet":1,"minecraft:azalea":13,"minecraft:green_bed":1,"minecraft:blackstone":6,"minecraft:clay":1,"minecraft:torch":3,"minecraft:calcite":2,"minecraft:poppy":2,"minecraft:chest":2,"minecraft:cobblestone":41,"minecraft:waxed_chiseled_copper":2,"minecraft:wall_torch":3,"minecraft:amethyst_block":30,"minecraft:cherry_slab":25,"minecraft:pink_petals":50,"minecraft:seagrass":4,"minecraft:cherry_fence":8,"minecraft:waxed_copper_bulb":2,"minecraft:red_candle":4,"minecraft:yellow_wool":3,"minecraft:wheat":43,"minecraft:lilac":1,"minecraft:waxed_copper_block":8,"minecraft:light_gray_wool":1,"minecraft:stone_brick_stairs":1,"minecraft:smooth_stone_slab":5,"minecraft:oak_log":38,"minecraft:oak_fence_gate":1,"minecraft:waxed_oxidized_copper":1,"minecraft:dirt":205,"minecraft:smooth_basalt":3,"minecraft:netherrack":29,"minecraft:oak_leaves":6,"minecraft:deepslate":80,"minecraft:tuff":11,"minecraft:deepslate_diamond_ore":1,"minecraft:candle":4,"minecraft:stripped_cherry_log":42,"minecraft:dark_oak_fence":30,"minecraft:glow_lichen":1,"minecraft:decorated_pot":16,"minecraft:birch_slab":3,"minecraft:moss_block":82,"minecraft:hay_block":7,"minecraft:spore_blossom":2,"minecraft:redstone_ore":8,"minecraft:furnace":7,"minecraft:carrots":17,"minecraft:waxed_copper_grate":5,"minecraft:andesite":1,"minecraft:big_dripleaf_stem":2,"minecraft:gold_block":2,"minecraft:chiseled_tuff":1,"minecraft:potatoes":3,"minecraft:deepslate_iron_ore":7,"minecraft:lantern":2,"minecraft:waxed_weathered_copper_bulb":1,"minecraft:cherry_stairs":94,"minecraft:stone":407,"minecraft:white_wool":103,"minecraft:oak_slab":4,"minecraft:scaffolding":5,"minecraft:flowering_azalea":19,"minecraft:cherry_planks":61,"minecraft:stripped_dark_oak_log":2,"minecraft:basalt":6,"minecraft:stone_brick_slab":6,"minecraft:dandelion":2,"minecraft:oak_fence":36,"minecraft:crafting_table":9,"minecraft:cornflower":3,"minecraft:short_grass":268,"minecraft:emerald_ore":1,"minecraft:tall_grass":71,"minecraft:copper_ore":2,"minecraft:deepslate_coal_ore":2,"minecraft:lapis_ore":8,"minecraft:deepslate_gold_ore":2,"minecraft:blue_bed":1,"minecraft:diorite":6,"minecraft:big_dripleaf":5,"minecraft:black_stained_glass":2,"minecraft:bee_nest":1,"minecraft:yellow_bed":7,"minecraft:coal_ore":131,"minecraft:flower_pot":1,"minecraft:cherry_leaves":22,"minecraft:sunflower":4,"minecraft:gravel":4,"minecraft:acacia_planks":4,"minecraft:stone_bricks":1,"minecraft:small_dripleaf":4,"minecraft:gold_ore":7},"minecraft:crafted":{"minecraft:oak_planks":204,"minecraft:cherry_pressure_plate":32,"minecraft:cherry_slab":126,"minecraft:cooked_chicken":4,"minecraft:cooked_mutton":3,"minecraft:iron_boots":2,"minecraft:chest":13,"minecraft:bricks":1,"minecraft:stone_hoe":1,"minecraft:oak_fence":81,"minecraft:oak_slab":12,"minecraft:cooked_porkchop":11,"minecraft:crafting_table":7,"minecraft:baked_potato":32,"minecraft:wooden_pickaxe":2,"minecraft:iron_helmet":2,"minecraft:acacia_button":1,"minecraft:yellow_dye":2,"minecraft:stick":280,"minecraft:iron_ingot":57,"minecraft:iron_pickaxe":4,"minecraft:stone_sword":1,"minecraft:light_gray_dye":7,"minecraft:cherry_planks":840,"minecraft:wooden_sword":2,"minecraft:fishing_rod":1,"minecraft:furnace":4,"minecraft:bone_meal":18,"minecraft:pink_dye":36,"minecraft:dark_oak_fence":90,"minecraft:iron_axe":5,"minecraft:cobblestone_wall":6,"minecraft:stone_pickaxe":1,"minecraft:dark_oak_planks":256,"minecraft:cherry_fence_gate":1,"minecraft:wheat":63,"minecraft:cooked_beef":13,"minecraft:red_dye":1,"minecraft:iron_sword":3,"minecraft:cooked_salmon":4,"minecraft:bucket":3,"minecraft:stone_axe":1,"minecraft:bread":20,"minecraft:air":0,"minecraft:blue_dye":3,"minecraft:oak_fence_gate":2,"minecraft:wooden_axe":2,"minecraft:iron_shovel":7,"minecraft:iron_leggings":2,"minecraft:torch":56},"minecraft:killed_by":{"minecraft:piglin_brute":3,"minecraft:magma_cube":1,"minecraft:piglin":3,"minecraft:witch":1,"minecraft:zombie":7,"minecraft:player":6,"minecraft:enderman":2,"minecraft:skeleton":2},"minecraft:dropped":{"minecraft:iron_sword":1,"minecraft:moss_block":3,"minecraft:birch_planks":6,"minecraft:ominous_bottle":2,"minecraft:cooked_beef":6,"minecraft:baked_potato":15,"minecraft:diamond":1,"minecraft:crafting_table":2,"minecraft:cooked_porkchop":5,"minecraft:leather":1,"minecraft:cherry_pressure_plate":32,"minecraft:flint":1,"minecraft:dirt":290,"minecraft:cracked_polished_blackstone_bricks":2,"minecraft:dark_oak_log":1,"minecraft:yellow_dye":1,"minecraft:wooden_sword":2,"minecraft:sunflower":9,"minecraft:polished_blackstone_bricks":2,"minecraft:white_wool":8,"minecraft:birch_stairs":1,"minecraft:bone":6,"minecraft:blackstone":1,"minecraft:sugar_cane":2,"minecraft:cherry_stairs":28,"minecraft:cobbled_deepslate":1,"minecraft:cherry_sapling":2,"minecraft:pointed_dripstone":28,"minecraft:rotten_flesh":31,"minecraft:oak_planks":2,"minecraft:mossy_stone_brick_slab":2,"minecraft:waxed_copper_block":2,"minecraft:salmon":4,"minecraft:carrot":3,"minecraft:acacia_button":1,"minecraft:gunpowder":2,"minecraft:lingering_potion":2,"minecraft:leather_boots":1,"minecraft:leather_leggings":1,"minecraft:arrow":13,"minecraft:stone_brick_stairs":1,"minecraft:golden_boots":1,"minecraft:wheat_seeds":20,"minecraft:cherry_log":287,"minecraft:dripstone_block":39,"minecraft:golden_axe":1,"minecraft:feather":3,"minecraft:iron_helmet":1,"minecraft:cobblestone":76,"minecraft:waxed_copper_grate":1,"minecraft:granite":4,"minecraft:grass_block":1,"minecraft:stick":1,"minecraft:diorite":19,"minecraft:torch":1,"minecraft:wooden_axe":1,"minecraft:waxed_oxidized_copper":1,"minecraft:cherry_planks":739,"minecraft:cooked_salmon":1,"minecraft:diamond_helmet":1,"minecraft:iron_leggings":2,"minecraft:oak_stairs":1,"minecraft:pumpkin":2,"minecraft:iron_axe":1,"minecraft:iron_shovel":1,"minecraft:string":6,"minecraft:pink_petals":33,"minecraft:acacia_planks":3,"minecraft:stone_brick_slab":4,"minecraft:tuff_bricks":6,"minecraft:raw_copper":16,"minecraft:bamboo_hanging_sign":8,"minecraft:smooth_stone_slab":3,"minecraft:raw_iron":1,"minecraft:chicken":1,"minecraft:clay_ball":4,"minecraft:iron_boots":2,"minecraft:cherry_slab":2,"minecraft:shears":1,"minecraft:glass_pane":4,"minecraft:diamond_sword":1,"minecraft:potato":6,"minecraft:diamond_chestplate":1,"minecraft:iron_chestplate":2,"minecraft:andesite":1,"minecraft:golden_leggings":1,"minecraft:oak_sapling":4,"minecraft:spider_eye":3,"minecraft:light_gray_dye":2,"minecraft:bow":1,"minecraft:wooden_pickaxe":1,"minecraft:calcite":2,"minecraft:brick":4,"minecraft:black_wool":2},"minecraft:used":{"minecraft:peony":1,"minecraft:moss_block":20,"minecraft:tuff_bricks":6,"minecraft:moss_carpet":48,"minecraft:cherry_sapling":7,"minecraft:iron_shovel":702,"minecraft:poppy":1,"minecraft:decorated_pot":1,"minecraft:chest":14,"minecraft:shield":328,"minecraft:iron_sword":818,"minecraft:rotten_flesh":2,"minecraft:iron_chestplate":1,"minecraft:carrot":57,"minecraft:axolotl_bucket":6,"minecraft:big_dripleaf":8,"minecraft:obsidian":2,"minecraft:waxed_oxidized_copper":1,"minecraft:lava_bucket":14,"minecraft:bricks":1,"minecraft:lantern":7,"minecraft:grass_block":1,"minecraft:scaffolding":11,"minecraft:furnace":10,"minecraft:oak_sapling":3,"minecraft:egg":41,"minecraft:potato":30,"minecraft:dark_oak_stairs":5,"minecraft:leather_leggings":1,"minecraft:stone_pickaxe":124,"minecraft:oak_planks":12,"minecraft:wooden_pickaxe":43,"minecraft:blue_bed":1,"minecraft:white_wool":107,"minecraft:glow_berries":10,"minecraft:shears":43,"minecraft:dripstone_block":2,"minecraft:polished_tuff":1,"minecraft:waxed_chiseled_copper":2,"minecraft:dark_oak_log":30,"minecraft:birch_slab":3,"minecraft:bread":25,"minecraft:spore_blossom":2,"minecraft:gravel":3,"minecraft:lilac":6,"minecraft:chiseled_tuff_bricks":2,"minecraft:wooden_sword":69,"minecraft:dark_oak_fence":52,"minecraft:waxed_copper_bulb":1,"minecraft:bone_meal":48,"minecraft:azalea":24,"minecraft:oak_fence":106,"minecraft:stone_sword":96,"minecraft:flint_and_steel":10,"minecraft:cooked_salmon":11,"minecraft:stone_hoe":77,"minecraft:cooked_chicken":6,"minecraft:netherrack":16,"minecraft:torch":60,"minecraft:dirt":454,"minecraft:cobblestone_wall":4,"minecraft:salmon_bucket":4,"minecraft:oak_fence_gate":3,"minecraft:dark_oak_planks":58,"minecraft:wooden_axe":12,"minecraft:flowering_azalea":16,"minecraft:iron_axe":879,"minecraft:cherry_slab":55,"minecraft:bamboo_hanging_sign":6,"minecraft:cherry_trapdoor":9,"minecraft:red_candle":7,"minecraft:iron_boots":1,"minecraft:cherry_fence_gate":1,"minecraft:light_gray_wool":1,"minecraft:golden_carrot":1,"minecraft:cherry_fence":23,"minecraft:golden_axe":20,"minecraft:acacia_planks":3,"minecraft:cooked_beef":11,"minecraft:cobbled_deepslate":40,"minecraft:cherry_log":90,"minecraft:iron_leggings":1,"minecraft:wheat_seeds":91,"minecraft:cooked_mutton":6,"minecraft:water_bucket":97,"minecraft:baked_potato":27,"minecraft:cherry_planks":93,"minecraft:leather_boots":1,"minecraft:waxed_copper_block":1,"minecraft:polished_blackstone_bricks":1,"minecraft:salmon":2,"minecraft:oak_slab":12,"minecraft:crafting_table":11,"minecraft:spider_eye":1,"minecraft:cod":1,"minecraft:white_bed":4,"minecraft:flower_pot":2,"minecraft:cornflower":4,"minecraft:apple":2,"minecraft:sunflower":2,"minecraft:chicken":1,"minecraft:iron_pickaxe":905,"minecraft:yellow_wool":3,"minecraft:stone_axe":17,"minecraft:pink_petals":13,"minecraft:green_carpet":1,"minecraft:fishing_rod":13,"minecraft:cherry_stairs":89,"minecraft:cobblestone":100,"minecraft:cooked_porkchop":10,"minecraft:bucket":118,"minecraft:yellow_bed":6,"minecraft:candle":16},"minecraft:custom":{"minecraft:animals_bred":24,"minecraft:interact_with_crafting_table":64,"minecraft:open_barrel":29,"minecraft:bell_ring":16,"minecraft:leave_game":6,"minecraft:time_since_death":14779,"minecraft:sprint_one_cm":1389074,"minecraft:damage_blocked_by_shield":5711,"minecraft:drop":254,"minecraft:talked_to_villager":10,"minecraft:play_time":564933,"minecraft:deaths":41,"minecraft:jump":9814,"minecraft:walk_on_water_one_cm":147254,"minecraft:interact_with_furnace":96,"minecraft:sleep_in_bed":24,"minecraft:damage_dealt":21907,"minecraft:player_kills":5,"minecraft:crouch_one_cm":131285,"minecraft:inspect_dispenser":23,"minecraft:mob_kills":160,"minecraft:climb_one_cm":18503,"minecraft:walk_one_cm":1792877,"minecraft:sneak_time":46401,"minecraft:walk_under_water_one_cm":77726,"minecraft:total_world_time":564933,"minecraft:pot_flower":2,"minecraft:time_since_rest":14812,"minecraft:damage_taken":14463,"minecraft:swim_one_cm":210865,"minecraft:fly_one_cm":1618472,"minecraft:open_chest":265,"minecraft:fish_caught":7,"minecraft:fall_one_cm":282409},"minecraft:killed":{"minecraft:spider":7,"minecraft:skeleton":27,"minecraft:bee":2,"minecraft:chicken":8,"minecraft:cat":4,"minecraft:magma_cube":10,"minecraft:piglin":1,"minecraft:pig":9,"minecraft:salmon":35,"minecraft:iron_golem":1,"minecraft:sheep":3,"minecraft:zombie":37,"minecraft:cow":6,"minecraft:enderman":1},"minecraft:picked_up":{"minecraft:iron_chestplate":4,"minecraft:wheat":30,"minecraft:flower_pot":2,"minecraft:yellow_wool":6,"minecraft:diamond_sword":1,"minecraft:oak_stairs":1,"minecraft:potion":1,"minecraft:enchanted_book":1,"minecraft:stone_brick_stairs":1,"minecraft:amethyst_block":30,"minecraft:string":12,"minecraft:raw_copper":16,"minecraft:cherry_pressure_plate":64,"minecraft:smooth_stone_slab":3,"minecraft:iron_leggings":2,"minecraft:red_candle":14,"minecraft:pufferfish":1,"minecraft:activator_rail":3,"minecraft:cherry_boat":1,"minecraft:cobbled_deepslate":118,"minecraft:calcite":2,"minecraft:azalea":24,"minecraft:melon_slice":34,"minecraft:furnace":7,"minecraft:iron_boots":1,"minecraft:blue_wool":1,"minecraft:stick":5,"minecraft:big_dripleaf":12,"minecraft:oak_fence":34,"minecraft:torch":41,"minecraft:green_bed":1,"minecraft:golden_axe":2,"minecraft:porkchop":20,"minecraft:cherry_log":596,"minecraft:waxed_weathered_copper_bulb":1,"minecraft:waxed_copper_grate":5,"minecraft:pointed_dripstone":23,"minecraft:diorite":18,"minecraft:rotten_flesh":64,"minecraft:light_blue_wool":6,"minecraft:tropical_fish":2,"minecraft:cod":4,"minecraft:cobblestone":492,"minecraft:pink_petals":669,"minecraft:lilac":5,"minecraft:feather":5,"minecraft:cooked_beef":4,"minecraft:cherry_planks":219,"minecraft:birch_slab":10,"minecraft:water_bucket":1,"minecraft:andesite":1,"minecraft:brown_wool":8,"minecraft:golden_leggings":1,"minecraft:potato":87,"minecraft:tuff":11,"minecraft:cherry_fence":29,"minecraft:magenta_bed":1,"minecraft:lantern":7,"minecraft:lapis_lazuli":87,"minecraft:dirt":911,"minecraft:name_tag":2,"minecraft:bone":51,"minecraft:acacia_planks":7,"minecraft:bow":4,"minecraft:wheat_seeds":177,"minecraft:raw_gold":36,"minecraft:fletching_table":1,"minecraft:bamboo":50,"minecraft:scrape_pottery_sherd":1,"minecraft:moss_block":87,"minecraft:honeycomb":5,"minecraft:oak_planks":34,"minecraft:cooked_porkchop":4,"minecraft:axolotl_bucket":1,"minecraft:waxed_chiseled_copper":2,"minecraft:grass_block":3,"minecraft:dark_oak_log":193,"minecraft:orange_wool":3,"minecraft:diamond":1,"minecraft:cracked_polished_blackstone_bricks":7,"minecraft:breeze_rod":2,"minecraft:granite":5,"minecraft:bone_meal":24,"minecraft:bread":2,"minecraft:emerald":15,"minecraft:dark_oak_fence":29,"minecraft:oak_sapling":7,"minecraft:cherry_slab":41,"minecraft:netherrack":16,"minecraft:cocoa_beans":3,"minecraft:lingering_potion":2,"minecraft:crafting_table":8,"minecraft:purple_wool":2,"minecraft:azure_bluet":5,"minecraft:chicken":6,"minecraft:clay_ball":4,"minecraft:pink_wool":5,"minecraft:gold_block":2,"minecraft:stripped_cherry_log":41,"minecraft:brick":54,"minecraft:shield":2,"minecraft:iron_axe":2,"minecraft:cornflower":6,"minecraft:red_bed":1,"minecraft:moss_carpet":48,"minecraft:flint_and_steel":1,"minecraft:iron_shovel":1,"minecraft:blackstone":4,"minecraft:glass_pane":4,"minecraft:candle":16,"minecraft:beef":14,"minecraft:chiseled_tuff":1,"minecraft:poppy":5,"minecraft:light_gray_wool":6,"minecraft:guster_pottery_sherd":1,"minecraft:sugar_cane":2,"minecraft:chest":2,"minecraft:cherry_button":2,"minecraft:cherry_trapdoor":17,"minecraft:waxed_oxidized_copper":2,"minecraft:egg":48,"minecraft:dark_oak_sapling":34,"minecraft:raw_iron":188,"minecraft:cherry_stairs":133,"minecraft:bamboo_hanging_sign":12,"minecraft:white_dye":7,"minecraft:polished_blackstone_bricks":11,"minecraft:flow_pottery_sherd":4,"minecraft:stone_button":1,"minecraft:carrot":70,"minecraft:redstone":118,"minecraft:dark_oak_planks":15,"minecraft:arrow":62,"minecraft:decorated_pot":2,"minecraft:beetroot_seeds":4,"minecraft:golden_hoe":1,"minecraft:shears":1,"minecraft:hay_block":7,"minecraft:tuff_bricks":16,"minecraft:glow_berries":23,"minecraft:mutton":19,"minecraft:rail":128,"minecraft:white_wool":182,"minecraft:oxeye_daisy":3,"minecraft:basalt":6,"minecraft:golden_carrot":9,"minecraft:glow_ink_sac":1,"minecraft:salmon":42,"minecraft:leather":5,"minecraft:birch_planks":6,"minecraft:waxed_copper_bulb":2,"minecraft:oak_log":42,"minecraft:waxed_copper_block":6,"minecraft:golden_boots":1,"minecraft:yellow_bed":6,"minecraft:gunpowder":1,"minecraft:blue_bed":1,"minecraft:cooked_mutton":3,"minecraft:apple":1,"minecraft:spore_blossom":2,"minecraft:oak_fence_gate":1,"minecraft:iron_ingot":85,"minecraft:cooked_chicken":2,"minecraft:dark_oak_stairs":5,"minecraft:flowering_azalea":20,"minecraft:acacia_sapling":2,"minecraft:iron_sword":4,"minecraft:tropical_fish_bucket":5,"minecraft:scaffolding":10,"minecraft:oak_slab":6,"minecraft:smooth_basalt":3,"minecraft:pumpkin":2,"minecraft:stone_brick_slab":4,"minecraft:red_wool":3,"minecraft:dripstone_block":37,"minecraft:gravel":3,"minecraft:birch_stairs":1,"minecraft:stripped_cherry_wood":1,"minecraft:white_bed":5,"minecraft:polished_tuff":1,"minecraft:mossy_stone_brick_slab":2,"minecraft:green_carpet":1,"minecraft:spider_eye":6,"minecraft:pumpkin_seeds":2,"minecraft:stone_axe":1,"minecraft:cherry_sapling":11,"minecraft:oak_button":1,"minecraft:baked_potato":68,"minecraft:stripped_dark_oak_log":2,"minecraft:coal":216,"minecraft:chiseled_tuff_bricks":2,"minecraft:sunflower":14,"minecraft:ender_pearl":2}},"DataVersion":3953}