{"stats":{"minecraft:broken":{"minecraft:iron_shovel":1,"minecraft:iron_boots":1,"minecraft:iron_chestplate":1,"minecraft:iron_leggings":1,"minecraft:stone_pickaxe":1,"minecraft:wooden_sword":1,"minecraft:iron_sword":2,"minecraft:shield":1,"minecraft:iron_pickaxe":1,"minecraft:iron_helmet":1},"minecraft:mined":{"minecraft:white_bed":4,"minecraft:mossy_stone_brick_slab":3,"minecraft:cherry_log":23,"minecraft:cave_vines_plant":4,"minecraft:granite":5,"minecraft:grass_block":244,"minecraft:cracked_polished_blackstone_bricks":10,"minecraft:tuff_bricks":2,"minecraft:polished_blackstone_bricks":12,"minecraft:tall_seagrass":3,"minecraft:cobbled_deepslate":1,"minecraft:iron_ore":94,"minecraft:fire":2,"minecraft:moss_carpet":4,"minecraft:pumpkin":2,"minecraft:fletching_table":1,"minecraft:deepslate_lapis_ore":6,"minecraft:azure_bluet":2,"minecraft:pointed_dripstone":5,"minecraft:cave_vines":13,"minecraft:dirt_path":1,"minecraft:oak_stairs":1,"minecraft:green_carpet":1,"minecraft:azalea":7,"minecraft:blackstone":6,"minecraft:clay":1,"minecraft:torch":1,"minecraft:calcite":2,"minecraft:poppy":1,"minecraft:chest":1,"minecraft:cobblestone":34,"minecraft:waxed_chiseled_copper":2,"minecraft:wall_torch":3,"minecraft:amethyst_block":30,"minecraft:cherry_slab":4,"minecraft:pink_petals":17,"minecraft:seagrass":4,"minecraft:red_candle":2,"minecraft:yellow_wool":3,"minecraft:wheat":40,"minecraft:light_gray_wool":1,"minecraft:stone_brick_stairs":1,"minecraft:smooth_stone_slab":5,"minecraft:oak_log":38,"minecraft:oak_fence_gate":1,"minecraft:dirt":100,"minecraft:smooth_basalt":3,"minecraft:netherrack":29,"minecraft:oak_leaves":6,"minecraft:deepslate":63,"minecraft:tuff":11,"minecraft:deepslate_diamond_ore":1,"minecraft:glow_lichen":1,"minecraft:decorated_pot":1,"minecraft:birch_slab":3,"minecraft:moss_block":67,"minecraft:hay_block":7,"minecraft:spore_blossom":2,"minecraft:redstone_ore":8,"minecraft:furnace":7,"minecraft:carrots":15,"minecraft:waxed_copper_grate":4,"minecraft:andesite":1,"minecraft:big_dripleaf_stem":2,"minecraft:gold_block":2,"minecraft:potatoes":1,"minecraft:deepslate_iron_ore":6,"minecraft:waxed_weathered_copper_bulb":1,"minecraft:stone":168,"minecraft:white_wool":2,"minecraft:flowering_azalea":8,"minecraft:cherry_planks":4,"minecraft:basalt":6,"minecraft:stone_brick_slab":6,"minecraft:dandelion":2,"minecraft:oak_fence":5,"minecraft:crafting_table":9,"minecraft:cornflower":1,"minecraft:short_grass":218,"minecraft:emerald_ore":1,"minecraft:tall_grass":54,"minecraft:copper_ore":2,"minecraft:deepslate_coal_ore":2,"minecraft:lapis_ore":8,"minecraft:deepslate_gold_ore":2,"minecraft:diorite":6,"minecraft:big_dripleaf":5,"minecraft:yellow_bed":7,"minecraft:coal_ore":121,"minecraft:cherry_leaves":2,"minecraft:sunflower":3,"minecraft:gravel":1,"minecraft:stone_bricks":1,"minecraft:small_dripleaf":4,"minecraft:gold_ore":7},"minecraft:crafted":{"minecraft:oak_planks":204,"minecraft:cooked_chicken":4,"minecraft:cooked_mutton":3,"minecraft:iron_boots":2,"minecraft:chest":7,"minecraft:stone_hoe":1,"minecraft:oak_fence":69,"minecraft:cooked_porkchop":11,"minecraft:crafting_table":7,"minecraft:baked_potato":20,"minecraft:wooden_pickaxe":2,"minecraft:iron_helmet":2,"minecraft:yellow_dye":2,"minecraft:stick":128,"minecraft:iron_ingot":57,"minecraft:iron_pickaxe":3,"minecraft:stone_sword":1,"minecraft:light_gray_dye":2,"minecraft:cherry_planks":100,"minecraft:wooden_sword":2,"minecraft:fishing_rod":1,"minecraft:furnace":4,"minecraft:bone_meal":18,"minecraft:pink_dye":3,"minecraft:iron_axe":2,"minecraft:stone_pickaxe":1,"minecraft:cherry_fence_gate":1,"minecraft:wheat":63,"minecraft:cooked_beef":13,"minecraft:red_dye":1,"minecraft:iron_sword":1,"minecraft:cooked_salmon":4,"minecraft:bucket":3,"minecraft:stone_axe":1,"minecraft:bread":20,"minecraft:air":0,"minecraft:blue_dye":2,"minecraft:oak_fence_gate":2,"minecraft:wooden_axe":2,"minecraft:iron_shovel":3,"minecraft:iron_leggings":2,"minecraft:torch":56},"minecraft:killed_by":{"minecraft:piglin_brute":3,"minecraft:magma_cube":1,"minecraft:piglin":3,"minecraft:witch":1,"minecraft:zombie":2,"minecraft:player":4,"minecraft:enderman":2,"minecraft:skeleton":2},"minecraft:dropped":{"minecraft:moss_block":3,"minecraft:birch_planks":6,"minecraft:cooked_beef":6,"minecraft:baked_potato":7,"minecraft:diamond":1,"minecraft:crafting_table":2,"minecraft:cooked_porkchop":4,"minecraft:leather":1,"minecraft:flint":1,"minecraft:dirt":13,"minecraft:cracked_polished_blackstone_bricks":2,"minecraft:yellow_dye":1,"minecraft:wooden_sword":2,"minecraft:sunflower":9,"minecraft:polished_blackstone_bricks":2,"minecraft:white_wool":8,"minecraft:birch_stairs":1,"minecraft:bone":6,"minecraft:blackstone":1,"minecraft:sugar_cane":2,"minecraft:pointed_dripstone":28,"minecraft:rotten_flesh":26,"minecraft:oak_planks":2,"minecraft:mossy_stone_brick_slab":2,"minecraft:salmon":4,"minecraft:carrot":1,"minecraft:gunpowder":2,"minecraft:leather_boots":1,"minecraft:leather_leggings":1,"minecraft:arrow":12,"minecraft:stone_brick_stairs":1,"minecraft:golden_boots":1,"minecraft:wheat_seeds":19,"minecraft:dripstone_block":39,"minecraft:feather":3,"minecraft:iron_helmet":1,"minecraft:cobblestone":12,"minecraft:granite":4,"minecraft:grass_block":1,"minecraft:stick":1,"minecraft:diorite":19,"minecraft:wooden_axe":1,"minecraft:cherry_planks":32,"minecraft:cooked_salmon":1,"minecraft:diamond_helmet":1,"minecraft:iron_leggings":2,"minecraft:oak_stairs":1,"minecraft:pumpkin":2,"minecraft:string":6,"minecraft:pink_petals":31,"minecraft:stone_brick_slab":4,"minecraft:raw_copper":16,"minecraft:smooth_stone_slab":3,"minecraft:raw_iron":1,"minecraft:iron_boots":2,"minecraft:cherry_slab":2,"minecraft:glass_pane":4,"minecraft:diamond_sword":1,"minecraft:diamond_chestplate":1,"minecraft:iron_chestplate":1,"minecraft:andesite":1,"minecraft:golden_leggings":1,"minecraft:oak_sapling":4,"minecraft:spider_eye":3,"minecraft:wooden_pickaxe":1,"minecraft:calcite":2,"minecraft:brick":4,"minecraft:black_wool":2},"minecraft:used":{"minecraft:iron_shovel":267,"minecraft:chest":7,"minecraft:shield":79,"minecraft:iron_sword":649,"minecraft:rotten_flesh":1,"minecraft:iron_chestplate":1,"minecraft:carrot":54,"minecraft:axolotl_bucket":5,"minecraft:obsidian":2,"minecraft:lava_bucket":14,"minecraft:grass_block":1,"minecraft:furnace":10,"minecraft:oak_sapling":3,"minecraft:egg":20,"minecraft:potato":9,"minecraft:leather_leggings":1,"minecraft:stone_pickaxe":124,"minecraft:oak_planks":12,"minecraft:wooden_pickaxe":43,"minecraft:white_wool":2,"minecraft:dripstone_block":2,"minecraft:waxed_chiseled_copper":2,"minecraft:birch_slab":3,"minecraft:bread":23,"minecraft:spore_blossom":1,"minecraft:wooden_sword":69,"minecraft:bone_meal":18,"minecraft:oak_fence":74,"minecraft:stone_sword":96,"minecraft:flint_and_steel":2,"minecraft:cooked_salmon":11,"minecraft:stone_hoe":77,"minecraft:cooked_chicken":5,"minecraft:netherrack":16,"minecraft:torch":56,"minecraft:dirt":176,"minecraft:oak_fence_gate":3,"minecraft:wooden_axe":12,"minecraft:iron_axe":71,"minecraft:cherry_slab":1,"minecraft:iron_boots":1,"minecraft:cherry_fence_gate":1,"minecraft:light_gray_wool":1,"minecraft:golden_carrot":1,"minecraft:cooked_beef":11,"minecraft:cobbled_deepslate":26,"minecraft:iron_leggings":1,"minecraft:wheat_seeds":88,"minecraft:cooked_mutton":6,"minecraft:water_bucket":41,"minecraft:baked_potato":14,"minecraft:cherry_planks":33,"minecraft:leather_boots":1,"minecraft:salmon":2,"minecraft:crafting_table":11,"minecraft:spider_eye":1,"minecraft:cod":1,"minecraft:white_bed":4,"minecraft:apple":2,"minecraft:sunflower":2,"minecraft:iron_pickaxe":562,"minecraft:yellow_wool":3,"minecraft:stone_axe":14,"minecraft:pink_petals":12,"minecraft:green_carpet":1,"minecraft:fishing_rod":13,"minecraft:cobblestone":83,"minecraft:cooked_porkchop":8,"minecraft:bucket":61,"minecraft:yellow_bed":6},"minecraft:custom":{"minecraft:animals_bred":20,"minecraft:interact_with_crafting_table":51,"minecraft:open_barrel":5,"minecraft:bell_ring":16,"minecraft:leave_game":5,"minecraft:time_since_death":3700,"minecraft:sprint_one_cm":840203,"minecraft:damage_blocked_by_shield":3059,"minecraft:drop":179,"minecraft:talked_to_villager":10,"minecraft:play_time":352086,"minecraft:deaths":26,"minecraft:jump":7145,"minecraft:walk_on_water_one_cm":99798,"minecraft:interact_with_furnace":82,"minecraft:sleep_in_bed":20,"minecraft:damage_dealt":17295,"minecraft:player_kills":3,"minecraft:crouch_one_cm":91752,"minecraft:mob_kills":132,"minecraft:climb_one_cm":6754,"minecraft:walk_one_cm":989753,"minecraft:sneak_time":32916,"minecraft:walk_under_water_one_cm":72803,"minecraft:total_world_time":352086,"minecraft:time_since_rest":3737,"minecraft:damage_taken":11497,"minecraft:swim_one_cm":183017,"minecraft:fly_one_cm":1179469,"minecraft:open_chest":116,"minecraft:fish_caught":7,"minecraft:fall_one_cm":217499},"minecraft:killed":{"minecraft:spider":6,"minecraft:skeleton":23,"minecraft:chicken":6,"minecraft:magma_cube":10,"minecraft:piglin":1,"minecraft:pig":9,"minecraft:salmon":35,"minecraft:iron_golem":1,"minecraft:sheep":3,"minecraft:zombie":22,"minecraft:cow":6,"minecraft:enderman":1},"minecraft:picked_up":{"minecraft:iron_chestplate":3,"minecraft:wheat":27,"minecraft:yellow_wool":6,"minecraft:diamond_sword":1,"minecraft:oak_stairs":1,"minecraft:stone_brick_stairs":1,"minecraft:amethyst_block":30,"minecraft:string":7,"minecraft:raw_copper":16,"minecraft:smooth_stone_slab":3,"minecraft:iron_leggings":2,"minecraft:red_candle":7,"minecraft:pufferfish":1,"minecraft:cobbled_deepslate":102,"minecraft:calcite":2,"minecraft:azalea":11,"minecraft:furnace":7,"minecraft:iron_boots":1,"minecraft:blue_wool":1,"minecraft:stick":2,"minecraft:big_dripleaf":12,"minecraft:oak_fence":5,"minecraft:torch":39,"minecraft:porkchop":20,"minecraft:cherry_log":25,"minecraft:waxed_weathered_copper_bulb":1,"minecraft:waxed_copper_grate":4,"minecraft:pointed_dripstone":23,"minecraft:diorite":18,"minecraft:rotten_flesh":38,"minecraft:light_blue_wool":6,"minecraft:cod":4,"minecraft:cobblestone":210,"minecraft:pink_petals":341,"minecraft:feather":3,"minecraft:cooked_beef":4,"minecraft:cherry_planks":68,"minecraft:birch_slab":10,"minecraft:water_bucket":1,"minecraft:andesite":1,"minecraft:brown_wool":8,"minecraft:golden_leggings":1,"minecraft:potato":5,"minecraft:tuff":11,"minecraft:lapis_lazuli":87,"minecraft:dirt":340,"minecraft:bone":39,"minecraft:bow":3,"minecraft:wheat_seeds":157,"minecraft:raw_gold":36,"minecraft:fletching_table":1,"minecraft:moss_block":67,"minecraft:oak_planks":34,"minecraft:cooked_porkchop":4,"minecraft:waxed_chiseled_copper":2,"minecraft:grass_block":3,"minecraft:dark_oak_log":192,"minecraft:orange_wool":3,"minecraft:diamond":1,"minecraft:cracked_polished_blackstone_bricks":7,"minecraft:breeze_rod":2,"minecraft:granite":5,"minecraft:emerald":1,"minecraft:oak_sapling":7,"minecraft:cherry_slab":8,"minecraft:netherrack":16,"minecraft:crafting_table":8,"minecraft:purple_wool":2,"minecraft:azure_bluet":3,"minecraft:chicken":4,"minecraft:clay_ball":4,"minecraft:pink_wool":5,"minecraft:gold_block":2,"minecraft:brick":4,"minecraft:shield":1,"minecraft:cornflower":2,"minecraft:moss_carpet":23,"minecraft:blackstone":4,"minecraft:glass_pane":4,"minecraft:beef":14,"minecraft:poppy":3,"minecraft:light_gray_wool":6,"minecraft:sugar_cane":2,"minecraft:chest":1,"minecraft:egg":26,"minecraft:raw_iron":187,"minecraft:polished_blackstone_bricks":10,"minecraft:carrot":59,"minecraft:redstone":118,"minecraft:arrow":35,"minecraft:hay_block":7,"minecraft:tuff_bricks":2,"minecraft:glow_berries":10,"minecraft:mutton":19,"minecraft:rail":128,"minecraft:white_wool":8,"minecraft:basalt":6,"minecraft:golden_carrot":9,"minecraft:glow_ink_sac":1,"minecraft:salmon":39,"minecraft:leather":5,"minecraft:birch_planks":6,"minecraft:oak_log":42,"minecraft:golden_boots":1,"minecraft:yellow_bed":6,"minecraft:gunpowder":1,"minecraft:cooked_mutton":3,"minecraft:apple":1,"minecraft:spore_blossom":2,"minecraft:oak_fence_gate":1,"minecraft:iron_ingot":71,"minecraft:cooked_chicken":1,"minecraft:flowering_azalea":7,"minecraft:acacia_sapling":2,"minecraft:iron_sword":4,"minecraft:smooth_basalt":3,"minecraft:pumpkin":2,"minecraft:stone_brick_slab":4,"minecraft:red_wool":3,"minecraft:dripstone_block":37,"minecraft:birch_stairs":1,"minecraft:white_bed":4,"minecraft:mossy_stone_brick_slab":2,"minecraft:green_carpet":1,"minecraft:spider_eye":6,"minecraft:pumpkin_seeds":2,"minecraft:stone_axe":1,"minecraft:cherry_sapling":1,"minecraft:oak_button":1,"minecraft:baked_potato":5,"minecraft:coal":206,"minecraft:sunflower":12,"minecraft:ender_pearl":2}},"DataVersion":3953}