{"stats":{"minecraft:broken":{"minecraft:iron_shovel":1,"minecraft:iron_boots":1,"minecraft:stone_pickaxe":1,"minecraft:wooden_sword":1,"minecraft:iron_sword":1,"minecraft:iron_pickaxe":1,"minecraft:iron_helmet":1},"minecraft:mined":{"minecraft:tuff":11,"minecraft:white_bed":4,"minecraft:mossy_stone_brick_slab":3,"minecraft:cherry_log":23,"minecraft:glow_lichen":1,"minecraft:granite":2,"minecraft:grass_block":234,"minecraft:cracked_polished_blackstone_bricks":10,"minecraft:birch_slab":3,"minecraft:hay_block":7,"minecraft:polished_blackstone_bricks":12,"minecraft:tall_seagrass":3,"minecraft:redstone_ore":8,"minecraft:carrots":15,"minecraft:furnace":5,"minecraft:iron_ore":77,"minecraft:fire":2,"minecraft:andesite":1,"minecraft:pumpkin":2,"minecraft:gold_block":2,"minecraft:azure_bluet":2,"minecraft:potatoes":1,"minecraft:pointed_dripstone":4,"minecraft:dirt_path":1,"minecraft:deepslate_iron_ore":6,"minecraft:oak_stairs":1,"minecraft:green_carpet":1,"minecraft:stone":148,"minecraft:white_wool":2,"minecraft:cherry_planks":2,"minecraft:blackstone":6,"minecraft:basalt":6,"minecraft:stone_brick_slab":6,"minecraft:dandelion":2,"minecraft:oak_fence":5,"minecraft:cornflower":1,"minecraft:crafting_table":8,"minecraft:short_grass":177,"minecraft:emerald_ore":1,"minecraft:poppy":1,"minecraft:calcite":2,"minecraft:chest":1,"minecraft:copper_ore":2,"minecraft:tall_grass":49,"minecraft:cobblestone":33,"minecraft:wall_torch":2,"minecraft:amethyst_block":30,"minecraft:cherry_slab":4,"minecraft:pink_petals":17,"minecraft:seagrass":4,"minecraft:yellow_wool":3,"minecraft:wheat":40,"minecraft:stone_brick_stairs":1,"minecraft:light_gray_wool":1,"minecraft:yellow_bed":7,"minecraft:smooth_stone_slab":5,"minecraft:coal_ore":95,"minecraft:oak_log":38,"minecraft:oak_fence_gate":1,"minecraft:cherry_leaves":2,"minecraft:sunflower":3,"minecraft:gravel":1,"minecraft:dirt":93,"minecraft:smooth_basalt":3,"minecraft:stone_bricks":1,"minecraft:netherrack":29,"minecraft:gold_ore":1,"minecraft:oak_leaves":6,"minecraft:deepslate":48},"minecraft:killed_by":{"minecraft:player":3,"minecraft:piglin_brute":3,"minecraft:enderman":2,"minecraft:magma_cube":1,"minecraft:piglin":3,"minecraft:skeleton":1,"minecraft:zombie":1},"minecraft:custom":{"minecraft:mob_kills":87,"minecraft:animals_bred":20,"minecraft:interact_with_crafting_table":48,"minecraft:bell_ring":16,"minecraft:leave_game":4,"minecraft:time_since_death":20757,"minecraft:climb_one_cm":5012,"minecraft:sprint_one_cm":637597,"minecraft:walk_one_cm":839174,"minecraft:damage_blocked_by_shield":2099,"minecraft:drop":140,"minecraft:talked_to_villager":10,"minecraft:play_time":282668,"minecraft:sneak_time":27163,"minecraft:deaths":22,"minecraft:walk_under_water_one_cm":67012,"minecraft:jump":5514,"minecraft:walk_on_water_one_cm":69876,"minecraft:total_world_time":282668,"minecraft:interact_with_furnace":62,"minecraft:sleep_in_bed":18,"minecraft:time_since_rest":10702,"minecraft:damage_taken":8296,"minecraft:damage_dealt":10729,"minecraft:player_kills":3,"minecraft:swim_one_cm":168800,"minecraft:fly_one_cm":927018,"minecraft:open_chest":97,"minecraft:crouch_one_cm":76300,"minecraft:fall_one_cm":173038},"minecraft:used":{"minecraft:oak_fence":74,"minecraft:stone_sword":96,"minecraft:iron_shovel":267,"minecraft:flint_and_steel":2,"minecraft:chest":7,"minecraft:shield":52,"minecraft:iron_sword":386,"minecraft:rotten_flesh":1,"minecraft:cooked_salmon":9,"minecraft:cooked_chicken":1,"minecraft:stone_hoe":77,"minecraft:netherrack":16,"minecraft:iron_chestplate":1,"minecraft:torch":13,"minecraft:dirt":159,"minecraft:carrot":54,"minecraft:oak_fence_gate":3,"minecraft:obsidian":2,"minecraft:wooden_axe":12,"minecraft:lava_bucket":13,"minecraft:iron_axe":68,"minecraft:grass_block":1,"minecraft:cherry_slab":1,"minecraft:iron_boots":1,"minecraft:cherry_fence_gate":1,"minecraft:golden_carrot":1,"minecraft:light_gray_wool":1,"minecraft:oak_sapling":3,"minecraft:furnace":7,"minecraft:egg":20,"minecraft:potato":8,"minecraft:cobbled_deepslate":14,"minecraft:iron_leggings":1,"minecraft:wheat_seeds":88,"minecraft:cooked_mutton":6,"minecraft:water_bucket":33,"minecraft:leather_leggings":1,"minecraft:stone_pickaxe":124,"minecraft:baked_potato":4,"minecraft:oak_planks":12,"minecraft:wooden_pickaxe":43,"minecraft:cherry_planks":10,"minecraft:leather_boots":1,"minecraft:white_wool":2,"minecraft:salmon":2,"minecraft:crafting_table":10,"minecraft:spider_eye":1,"minecraft:white_bed":4,"minecraft:dripstone_block":2,"minecraft:apple":2,"minecraft:birch_slab":3,"minecraft:sunflower":2,"minecraft:bread":23,"minecraft:iron_pickaxe":433,"minecraft:green_carpet":1,"minecraft:yellow_wool":3,"minecraft:stone_axe":14,"minecraft:pink_petals":12,"minecraft:wooden_sword":69,"minecraft:cobblestone":76,"minecraft:cooked_porkchop":4,"minecraft:bucket":46,"minecraft:yellow_bed":6,"minecraft:bone_meal":18},"minecraft:crafted":{"minecraft:cherry_planks":100,"minecraft:wooden_sword":2,"minecraft:oak_planks":204,"minecraft:furnace":3,"minecraft:bone_meal":18,"minecraft:pink_dye":3,"minecraft:cooked_mutton":3,"minecraft:iron_boots":2,"minecraft:iron_axe":2,"minecraft:stone_pickaxe":1,"minecraft:chest":7,"minecraft:stone_hoe":1,"minecraft:oak_fence":69,"minecraft:wheat":63,"minecraft:cherry_fence_gate":1,"minecraft:red_dye":1,"minecraft:crafting_table":6,"minecraft:wooden_pickaxe":2,"minecraft:iron_helmet":2,"minecraft:iron_sword":1,"minecraft:cooked_salmon":0,"minecraft:bucket":3,"minecraft:stone_axe":1,"minecraft:bread":20,"minecraft:air":0,"minecraft:blue_dye":2,"minecraft:oak_fence_gate":2,"minecraft:yellow_dye":2,"minecraft:stick":112,"minecraft:iron_ingot":57,"minecraft:iron_pickaxe":3,"minecraft:wooden_axe":2,"minecraft:stone_sword":1,"minecraft:iron_shovel":3,"minecraft:iron_leggings":2,"minecraft:light_gray_dye":2,"minecraft:torch":32},"minecraft:dropped":{"minecraft:golden_boots":1,"minecraft:birch_planks":6,"minecraft:wheat_seeds":11,"minecraft:dripstone_block":15,"minecraft:iron_helmet":1,"minecraft:feather":3,"minecraft:cobblestone":4,"minecraft:leather":1,"minecraft:granite":4,"minecraft:grass_block":1,"minecraft:flint":1,"minecraft:stick":1,"minecraft:cracked_polished_blackstone_bricks":2,"minecraft:dirt":13,"minecraft:diorite":1,"minecraft:yellow_dye":1,"minecraft:wooden_axe":1,"minecraft:cherry_planks":32,"minecraft:diamond_helmet":1,"minecraft:iron_leggings":2,"minecraft:oak_stairs":1,"minecraft:wooden_sword":2,"minecraft:pumpkin":2,"minecraft:sunflower":9,"minecraft:polished_blackstone_bricks":2,"minecraft:string":3,"minecraft:pink_petals":31,"minecraft:white_wool":8,"minecraft:birch_stairs":1,"minecraft:stone_brick_slab":4,"minecraft:bone":6,"minecraft:blackstone":1,"minecraft:sugar_cane":2,"minecraft:raw_copper":15,"minecraft:smooth_stone_slab":3,"minecraft:pointed_dripstone":16,"minecraft:rotten_flesh":17,"minecraft:iron_boots":2,"minecraft:oak_planks":2,"minecraft:mossy_stone_brick_slab":2,"minecraft:cherry_slab":2,"minecraft:salmon":4,"minecraft:glass_pane":4,"minecraft:carrot":1,"minecraft:diamond_sword":1,"minecraft:gunpowder":2,"minecraft:diamond_chestplate":1,"minecraft:iron_chestplate":1,"minecraft:andesite":1,"minecraft:oak_sapling":4,"minecraft:leather_boots":1,"minecraft:golden_leggings":1,"minecraft:leather_leggings":1,"minecraft:spider_eye":3,"minecraft:arrow":12,"minecraft:wooden_pickaxe":1,"minecraft:calcite":2,"minecraft:stone_brick_stairs":1,"minecraft:black_wool":2},"minecraft:picked_up":{"minecraft:iron_chestplate":2,"minecraft:crafting_table":7,"minecraft:wheat":27,"minecraft:azure_bluet":3,"minecraft:purple_wool":2,"minecraft:yellow_wool":6,"minecraft:diamond_sword":1,"minecraft:pink_wool":5,"minecraft:oak_stairs":1,"minecraft:gold_block":2,"minecraft:stone_brick_stairs":1,"minecraft:shield":1,"minecraft:amethyst_block":30,"minecraft:cornflower":2,"minecraft:string":4,"minecraft:raw_copper":15,"minecraft:smooth_stone_slab":3,"minecraft:iron_leggings":1,"minecraft:blackstone":4,"minecraft:glass_pane":4,"minecraft:cobbled_deepslate":90,"minecraft:beef":1,"minecraft:calcite":2,"minecraft:poppy":3,"minecraft:light_gray_wool":6,"minecraft:sugar_cane":2,"minecraft:chest":1,"minecraft:egg":25,"minecraft:iron_boots":1,"minecraft:furnace":5,"minecraft:blue_wool":1,"minecraft:raw_iron":105,"minecraft:stick":2,"minecraft:oak_fence":5,"minecraft:torch":36,"minecraft:porkchop":9,"minecraft:polished_blackstone_bricks":10,"minecraft:cherry_log":25,"minecraft:pointed_dripstone":20,"minecraft:carrot":59,"minecraft:redstone":72,"minecraft:arrow":16,"minecraft:rotten_flesh":18,"minecraft:light_blue_wool":6,"minecraft:hay_block":7,"minecraft:mutton":19,"minecraft:white_wool":8,"minecraft:cobblestone":185,"minecraft:pink_petals":341,"minecraft:andesite":1,"minecraft:basalt":6,"minecraft:water_bucket":1,"minecraft:cherry_planks":66,"minecraft:golden_carrot":9,"minecraft:birch_slab":10,"minecraft:salmon":37,"minecraft:brown_wool":8,"minecraft:golden_leggings":1,"minecraft:potato":4,"minecraft:birch_planks":6,"minecraft:tuff":11,"minecraft:oak_log":42,"minecraft:golden_boots":1,"minecraft:yellow_bed":6,"minecraft:dirt":324,"minecraft:cooked_mutton":3,"minecraft:bone":22,"minecraft:apple":1,"minecraft:wheat_seeds":141,"minecraft:raw_gold":1,"minecraft:iron_ingot":63,"minecraft:oak_fence_gate":1,"minecraft:cooked_chicken":1,"minecraft:oak_planks":34,"minecraft:iron_sword":3,"minecraft:smooth_basalt":3,"minecraft:cooked_porkchop":4,"minecraft:pumpkin":2,"minecraft:stone_brick_slab":4,"minecraft:red_wool":3,"minecraft:dripstone_block":25,"minecraft:birch_stairs":1,"minecraft:white_bed":4,"minecraft:grass_block":3,"minecraft:green_carpet":1,"minecraft:mossy_stone_brick_slab":2,"minecraft:spider_eye":4,"minecraft:orange_wool":3,"minecraft:stone_axe":1,"minecraft:cracked_polished_blackstone_bricks":7,"minecraft:granite":2,"minecraft:cherry_sapling":1,"minecraft:emerald":1,"minecraft:baked_potato":5,"minecraft:oak_sapling":7,"minecraft:cherry_slab":8,"minecraft:netherrack":16,"minecraft:coal":172,"minecraft:sunflower":12,"minecraft:ender_pearl":2},"minecraft:killed":{"minecraft:spider":3,"minecraft:skeleton":14,"minecraft:chicken":1,"minecraft:magma_cube":10,"minecraft:piglin":1,"minecraft:pig":2,"minecraft:salmon":35,"minecraft:iron_golem":1,"minecraft:sheep":3,"minecraft:zombie":9,"minecraft:enderman":1}},"DataVersion":3953}