{"stats":{"minecraft:crafted":{"minecraft:cherry_planks":12,"minecraft:oak_planks":8,"minecraft:furnace":1,"minecraft:stone_pickaxe":2,"minecraft:crafting_table":4,"minecraft:wooden_pickaxe":1,"minecraft:iron_sword":1,"minecraft:bucket":3,"minecraft:birch_planks":72,"minecraft:stone_axe":2,"minecraft:air":0,"minecraft:iron_chestplate":2,"minecraft:stick":20,"minecraft:iron_ingot":21,"minecraft:iron_pickaxe":2,"minecraft:torch":16},"minecraft:picked_up":{"minecraft:crafting_table":3,"minecraft:iron_chestplate":1,"minecraft:chicken":1,"minecraft:leather_leggings":1,"minecraft:wooden_pickaxe":1,"minecraft:shield":1,"minecraft:amethyst_block":63,"minecraft:cornflower":1,"minecraft:string":3,"minecraft:iron_leggings":3,"minecraft:deepslate_tiles":1,"minecraft:diamond_leggings":1,"minecraft:gold_nugget":12,"minecraft:cobbled_deepslate":9,"minecraft:calcite":2,"minecraft:iron_pickaxe":1,"minecraft:enchanted_golden_apple":2,"minecraft:birch_sapling":2,"minecraft:furnace":1,"minecraft:raw_iron":39,"minecraft:torch":2,"minecraft:porkchop":1,"minecraft:cherry_log":3,"minecraft:cauldron":4,"minecraft:rotten_flesh":7,"minecraft:arrow":9,"minecraft:saddle":1,"minecraft:mutton":14,"minecraft:snowball":2,"minecraft:white_wool":5,"minecraft:cobblestone":110,"minecraft:stripped_oak_log":2,"minecraft:birch_log":18,"minecraft:pink_petals":54,"minecraft:feather":2,"minecraft:cherry_planks":1,"minecraft:birch_planks":3,"minecraft:flint":1,"minecraft:tuff":2,"minecraft:golden_boots":2,"minecraft:yellow_bed":1,"minecraft:lapis_lazuli":43,"minecraft:dirt":7,"minecraft:bone":13,"minecraft:wheat_seeds":12,"minecraft:raw_gold":37,"minecraft:iron_ingot":13,"minecraft:glowstone_dust":4,"minecraft:oak_planks":1,"minecraft:cooked_porkchop":5,"minecraft:sculk":2,"minecraft:dandelion":1,"minecraft:gravel":5,"minecraft:amethyst_shard":8,"minecraft:sculk_sensor":2,"minecraft:soul_lantern":2,"minecraft:iron_helmet":1,"minecraft:cherry_sapling":3,"minecraft:emerald":1,"minecraft:bread":39,"minecraft:netherrack":87,"minecraft:coal":74,"minecraft:sunflower":5},"minecraft:killed":{"minecraft:spider":2,"minecraft:skeleton":9,"minecraft:silverfish":6,"minecraft:pig":1,"minecraft:sheep":5,"minecraft:goat":1,"minecraft:zombie":11},"minecraft:dropped":{"minecraft:water_bucket":1,"minecraft:golden_boots":1,"minecraft:iron_ingot":1,"minecraft:porkchop":1,"minecraft:wheat_seeds":11,"minecraft:lapis_lazuli":16,"minecraft:feather":2,"minecraft:coal":43,"minecraft:stick":1,"minecraft:flint":1,"minecraft:sculk":1,"minecraft:cornflower":1,"minecraft:mutton":7,"minecraft:iron_leggings":2,"minecraft:gold_nugget":12,"minecraft:sunflower":5,"minecraft:iron_pickaxe":1,"minecraft:pink_petals":54,"minecraft:dandelion":1,"minecraft:bone":1,"minecraft:gravel":1,"minecraft:birch_sapling":2,"minecraft:raw_iron":16,"minecraft:cherry_sapling":2,"minecraft:rotten_flesh":7,"minecraft:glowstone_dust":4,"minecraft:poppy":1,"minecraft:iron_chestplate":2,"minecraft:leather_leggings":1,"minecraft:arrow":8,"minecraft:wooden_pickaxe":2,"minecraft:raw_gold":15,"minecraft:calcite":1},"minecraft:killed_by":{"minecraft:player":1,"minecraft:warden":7,"minecraft:piglin":1,"minecraft:skeleton":1},"minecraft:mined":{"minecraft:nether_gold_ore":4,"minecraft:tuff":1,"minecraft:cherry_log":3,"minecraft:glow_lichen":1,"minecraft:budding_amethyst":8,"minecraft:grass_block":2,"minecraft:tall_seagrass":1,"minecraft:furnace":1,"minecraft:iron_ore":40,"minecraft:fire":3,"minecraft:deepslate_lapis_ore":6,"minecraft:sculk_shrieker":2,"minecraft:water_cauldron":4,"minecraft:small_amethyst_bud":1,"minecraft:stripped_oak_log":2,"minecraft:stone":100,"minecraft:white_wool":1,"minecraft:cherry_planks":1,"minecraft:medium_amethyst_bud":1,"minecraft:amethyst_cluster":2,"minecraft:soul_lantern":2,"minecraft:powder_snow":4,"minecraft:crafting_table":3,"minecraft:torch":1,"minecraft:short_grass":10,"minecraft:calcite":1,"minecraft:sculk_sensor":5,"minecraft:tall_grass":4,"minecraft:cobblestone":13,"minecraft:deepslate_gold_ore":22,"minecraft:oak_planks":1,"minecraft:sculk":16,"minecraft:amethyst_block":64,"minecraft:birch_planks":1,"minecraft:birch_log":18,"minecraft:wheat":1,"minecraft:yellow_bed":1,"minecraft:coal_ore":32,"minecraft:sunflower":6,"minecraft:gravel":7,"minecraft:dirt":4,"minecraft:netherrack":76,"minecraft:gold_ore":15,"minecraft:deepslate":10},"minecraft:broken":{"minecraft:stone_pickaxe":2},"minecraft:custom":{"minecraft:mob_kills":38,"minecraft:interact_with_crafting_table":20,"minecraft:leave_game":12,"minecraft:time_since_death":50391,"minecraft:climb_one_cm":2726,"minecraft:sprint_one_cm":266296,"minecraft:walk_one_cm":263162,"minecraft:damage_blocked_by_shield":296,"minecraft:drop":61,"minecraft:talked_to_villager":10,"minecraft:play_time":155770,"minecraft:deaths":11,"minecraft:sneak_time":30754,"minecraft:walk_under_water_one_cm":13445,"minecraft:jump":2202,"minecraft:walk_on_water_one_cm":25508,"minecraft:total_world_time":155770,"minecraft:interact_with_furnace":17,"minecraft:sleep_in_bed":2,"minecraft:time_since_rest":50415,"minecraft:damage_taken":5234,"minecraft:damage_dealt":6251,"minecraft:swim_one_cm":36355,"minecraft:fly_one_cm":328363,"minecraft:player_kills":1,"minecraft:open_chest":5,"minecraft:crouch_one_cm":103651,"minecraft:fall_one_cm":91001},"minecraft:used":{"minecraft:cherry_sapling":1,"minecraft:shield":6,"minecraft:iron_sword":234,"minecraft:netherrack":4,"minecraft:sculk_sensor":2,"minecraft:iron_chestplate":1,"minecraft:torch":4,"minecraft:dirt":7,"minecraft:snowball":2,"minecraft:lava_bucket":24,"minecraft:iron_helmet":1,"minecraft:furnace":2,"minecraft:potato":5,"minecraft:cobbled_deepslate":3,"minecraft:wheat_seeds":1,"minecraft:water_bucket":4,"minecraft:leather_leggings":1,"minecraft:birch_planks":5,"minecraft:stone_pickaxe":247,"minecraft:wooden_pickaxe":3,"minecraft:white_wool":2,"minecraft:crafting_table":7,"minecraft:deepslate_tiles":1,"minecraft:apple":9,"minecraft:chicken":1,"minecraft:bread":38,"minecraft:iron_pickaxe":187,"minecraft:gravel":4,"minecraft:stone_axe":20,"minecraft:cobblestone":77,"minecraft:cooked_porkchop":5,"minecraft:bucket":31,"minecraft:yellow_bed":1}},"DataVersion":3839}