{"stats":{"minecraft:crafted":{"minecraft:cherry_planks":12,"minecraft:oak_planks":8,"minecraft:crafting_table":3,"minecraft:wooden_pickaxe":1,"minecraft:iron_sword":1,"minecraft:furnace":1,"minecraft:bucket":3,"minecraft:birch_planks":72,"minecraft:stone_axe":2,"minecraft:air":0,"minecraft:iron_chestplate":2,"minecraft:stick":20,"minecraft:iron_ingot":21,"minecraft:stone_pickaxe":2,"minecraft:torch":16},"minecraft:picked_up":{"minecraft:stripped_oak_log":2,"minecraft:pink_petals":54,"minecraft:crafting_table":3,"minecraft:iron_chestplate":1,"minecraft:feather":2,"minecraft:chicken":1,"minecraft:cherry_planks":1,"minecraft:leather_leggings":1,"minecraft:wooden_pickaxe":1,"minecraft:birch_planks":3,"minecraft:flint":1,"minecraft:golden_boots":2,"minecraft:yellow_bed":1,"minecraft:shield":1,"minecraft:cornflower":1,"minecraft:lapis_lazuli":16,"minecraft:string":3,"minecraft:dirt":6,"minecraft:iron_leggings":2,"minecraft:bone":10,"minecraft:wheat_seeds":12,"minecraft:deepslate_tiles":1,"minecraft:diamond_leggings":1,"minecraft:gold_nugget":12,"minecraft:cobbled_deepslate":3,"minecraft:iron_ingot":13,"minecraft:glowstone_dust":4,"minecraft:enchanted_golden_apple":2,"minecraft:birch_sapling":2,"minecraft:oak_planks":1,"minecraft:furnace":1,"minecraft:raw_iron":33,"minecraft:torch":2,"minecraft:dandelion":1,"minecraft:gravel":4,"minecraft:porkchop":1,"minecraft:cherry_log":3,"minecraft:cauldron":4,"minecraft:arrow":8,"minecraft:sculk_sensor":2,"minecraft:rotten_flesh":7,"minecraft:iron_helmet":1,"minecraft:cherry_sapling":3,"minecraft:saddle":1,"minecraft:bread":39,"minecraft:netherrack":86,"minecraft:birch_log":18,"minecraft:mutton":7,"minecraft:coal":74,"minecraft:snowball":2,"minecraft:white_wool":5,"minecraft:cobblestone":70,"minecraft:sunflower":5},"minecraft:killed":{"minecraft:pig":1,"minecraft:spider":2,"minecraft:sheep":5,"minecraft:skeleton":6,"minecraft:goat":1,"minecraft:zombie":6,"minecraft:silverfish":6},"minecraft:dropped":{"minecraft:golden_boots":1,"minecraft:water_bucket":1,"minecraft:wheat_seeds":11,"minecraft:lapis_lazuli":16,"minecraft:birch_sapling":2,"minecraft:cherry_sapling":2,"minecraft:feather":2,"minecraft:glowstone_dust":4,"minecraft:coal":43,"minecraft:flint":1,"minecraft:poppy":1,"minecraft:cornflower":1,"minecraft:iron_chestplate":1,"minecraft:leather_leggings":1,"minecraft:gold_nugget":12,"minecraft:sunflower":5,"minecraft:arrow":8,"minecraft:wooden_pickaxe":2,"minecraft:pink_petals":54,"minecraft:bone":1,"minecraft:dandelion":1},"minecraft:killed_by":{"minecraft:warden":7,"minecraft:piglin":1,"minecraft:player":1,"minecraft:skeleton":1},"minecraft:mined":{"minecraft:cherry_planks":1,"minecraft:cherry_log":3,"minecraft:powder_snow":4,"minecraft:glow_lichen":1,"minecraft:crafting_table":3,"minecraft:torch":1,"minecraft:short_grass":10,"minecraft:grass_block":2,"minecraft:sculk_sensor":2,"minecraft:tall_grass":4,"minecraft:cobblestone":8,"minecraft:sculk":2,"minecraft:oak_planks":1,"minecraft:tall_seagrass":1,"minecraft:birch_planks":1,"minecraft:furnace":1,"minecraft:iron_ore":35,"minecraft:birch_log":18,"minecraft:fire":3,"minecraft:wheat":1,"minecraft:deepslate_lapis_ore":2,"minecraft:yellow_bed":1,"minecraft:sculk_shrieker":1,"minecraft:coal_ore":32,"minecraft:water_cauldron":4,"minecraft:sunflower":6,"minecraft:gravel":6,"minecraft:dirt":2,"minecraft:stripped_oak_log":2,"minecraft:stone":63,"minecraft:netherrack":75,"minecraft:deepslate":3,"minecraft:nether_gold_ore":4},"minecraft:broken":{"minecraft:stone_pickaxe":2},"minecraft:custom":{"minecraft:interact_with_furnace":17,"minecraft:mob_kills":28,"minecraft:interact_with_crafting_table":19,"minecraft:leave_game":11,"minecraft:time_since_death":21460,"minecraft:climb_one_cm":2726,"minecraft:sleep_in_bed":2,"minecraft:time_since_rest":21484,"minecraft:sprint_one_cm":233232,"minecraft:damage_taken":4453,"minecraft:walk_one_cm":215118,"minecraft:drop":45,"minecraft:damage_dealt":4542,"minecraft:swim_one_cm":21740,"minecraft:talked_to_villager":10,"minecraft:fly_one_cm":305265,"minecraft:open_chest":5,"minecraft:crouch_one_cm":77821,"minecraft:play_time":126839,"minecraft:sneak_time":24459,"minecraft:deaths":11,"minecraft:walk_under_water_one_cm":2729,"minecraft:jump":1900,"minecraft:walk_on_water_one_cm":19727,"minecraft:total_world_time":126839,"minecraft:fall_one_cm":78183},"minecraft:used":{"minecraft:cherry_sapling":1,"minecraft:water_bucket":4,"minecraft:leather_leggings":1,"minecraft:birch_planks":5,"minecraft:stone_pickaxe":247,"minecraft:wooden_pickaxe":3,"minecraft:iron_sword":187,"minecraft:iron_chestplate":1,"minecraft:torch":1,"minecraft:dirt":5,"minecraft:crafting_table":6,"minecraft:snowball":2,"minecraft:deepslate_tiles":1,"minecraft:apple":9,"minecraft:lava_bucket":24,"minecraft:chicken":1,"minecraft:bread":30,"minecraft:iron_helmet":1,"minecraft:gravel":4,"minecraft:stone_axe":20,"minecraft:cobblestone":38,"minecraft:furnace":2,"minecraft:bucket":31,"minecraft:cobbled_deepslate":3,"minecraft:yellow_bed":1,"minecraft:potato":5,"minecraft:wheat_seeds":1}},"DataVersion":3839}