{"stats":{"minecraft:broken":{"minecraft:iron_shovel":1,"minecraft:iron_boots":1,"minecraft:iron_chestplate":1,"minecraft:iron_leggings":1,"minecraft:stone_pickaxe":1,"minecraft:wooden_sword":1,"minecraft:iron_sword":1,"minecraft:iron_pickaxe":1,"minecraft:iron_helmet":1},"minecraft:mined":{"minecraft:white_bed":4,"minecraft:mossy_stone_brick_slab":3,"minecraft:cherry_log":23,"minecraft:granite":5,"minecraft:grass_block":243,"minecraft:cracked_polished_blackstone_bricks":10,"minecraft:polished_blackstone_bricks":12,"minecraft:tall_seagrass":3,"minecraft:iron_ore":94,"minecraft:fire":2,"minecraft:pumpkin":2,"minecraft:fletching_table":1,"minecraft:deepslate_lapis_ore":6,"minecraft:azure_bluet":2,"minecraft:pointed_dripstone":5,"minecraft:dirt_path":1,"minecraft:oak_stairs":1,"minecraft:green_carpet":1,"minecraft:blackstone":6,"minecraft:torch":1,"minecraft:calcite":2,"minecraft:poppy":1,"minecraft:chest":1,"minecraft:cobblestone":33,"minecraft:wall_torch":3,"minecraft:amethyst_block":30,"minecraft:cherry_slab":4,"minecraft:pink_petals":17,"minecraft:seagrass":4,"minecraft:yellow_wool":3,"minecraft:wheat":40,"minecraft:light_gray_wool":1,"minecraft:stone_brick_stairs":1,"minecraft:smooth_stone_slab":5,"minecraft:oak_log":38,"minecraft:oak_fence_gate":1,"minecraft:dirt":100,"minecraft:smooth_basalt":3,"minecraft:netherrack":29,"minecraft:oak_leaves":6,"minecraft:deepslate":48,"minecraft:tuff":11,"minecraft:glow_lichen":1,"minecraft:birch_slab":3,"minecraft:hay_block":7,"minecraft:redstone_ore":8,"minecraft:furnace":6,"minecraft:carrots":15,"minecraft:andesite":1,"minecraft:gold_block":2,"minecraft:potatoes":1,"minecraft:deepslate_iron_ore":6,"minecraft:stone":168,"minecraft:white_wool":2,"minecraft:cherry_planks":3,"minecraft:basalt":6,"minecraft:stone_brick_slab":6,"minecraft:dandelion":2,"minecraft:oak_fence":5,"minecraft:crafting_table":9,"minecraft:cornflower":1,"minecraft:short_grass":207,"minecraft:emerald_ore":1,"minecraft:tall_grass":51,"minecraft:copper_ore":2,"minecraft:deepslate_coal_ore":2,"minecraft:deepslate_gold_ore":2,"minecraft:lapis_ore":7,"minecraft:diorite":6,"minecraft:yellow_bed":7,"minecraft:coal_ore":121,"minecraft:cherry_leaves":2,"minecraft:sunflower":3,"minecraft:gravel":1,"minecraft:stone_bricks":1,"minecraft:gold_ore":7},"minecraft:killed_by":{"minecraft:piglin_brute":3,"minecraft:magma_cube":1,"minecraft:piglin":3,"minecraft:witch":1,"minecraft:zombie":1,"minecraft:player":3,"minecraft:enderman":2,"minecraft:skeleton":1},"minecraft:custom":{"minecraft:animals_bred":20,"minecraft:interact_with_crafting_table":51,"minecraft:bell_ring":16,"minecraft:leave_game":5,"minecraft:time_since_death":9473,"minecraft:sprint_one_cm":753262,"minecraft:damage_blocked_by_shield":2964,"minecraft:drop":153,"minecraft:talked_to_villager":10,"minecraft:play_time":320964,"minecraft:deaths":23,"minecraft:jump":6587,"minecraft:walk_on_water_one_cm":75890,"minecraft:interact_with_furnace":73,"minecraft:sleep_in_bed":19,"minecraft:damage_dealt":15762,"minecraft:player_kills":3,"minecraft:crouch_one_cm":81057,"minecraft:mob_kills":123,"minecraft:climb_one_cm":5012,"minecraft:walk_one_cm":907721,"minecraft:sneak_time":29323,"minecraft:walk_under_water_one_cm":67394,"minecraft:total_world_time":320964,"minecraft:time_since_rest":8484,"minecraft:damage_taken":9754,"minecraft:swim_one_cm":182457,"minecraft:fly_one_cm":1113011,"minecraft:open_chest":105,"minecraft:fish_caught":7,"minecraft:fall_one_cm":202012},"minecraft:used":{"minecraft:iron_shovel":267,"minecraft:chest":7,"minecraft:shield":76,"minecraft:iron_sword":575,"minecraft:rotten_flesh":1,"minecraft:iron_chestplate":1,"minecraft:carrot":54,"minecraft:obsidian":2,"minecraft:lava_bucket":13,"minecraft:grass_block":1,"minecraft:furnace":9,"minecraft:oak_sapling":3,"minecraft:egg":20,"minecraft:potato":9,"minecraft:leather_leggings":1,"minecraft:stone_pickaxe":124,"minecraft:oak_planks":12,"minecraft:wooden_pickaxe":43,"minecraft:white_wool":2,"minecraft:dripstone_block":2,"minecraft:birch_slab":3,"minecraft:bread":23,"minecraft:wooden_sword":69,"minecraft:bone_meal":18,"minecraft:oak_fence":74,"minecraft:stone_sword":96,"minecraft:flint_and_steel":2,"minecraft:cooked_salmon":10,"minecraft:stone_hoe":77,"minecraft:cooked_chicken":5,"minecraft:netherrack":16,"minecraft:torch":31,"minecraft:dirt":176,"minecraft:oak_fence_gate":3,"minecraft:wooden_axe":12,"minecraft:iron_axe":71,"minecraft:cherry_slab":1,"minecraft:iron_boots":1,"minecraft:cherry_fence_gate":1,"minecraft:light_gray_wool":1,"minecraft:golden_carrot":1,"minecraft:cooked_beef":7,"minecraft:cobbled_deepslate":14,"minecraft:iron_leggings":1,"minecraft:wheat_seeds":88,"minecraft:cooked_mutton":6,"minecraft:water_bucket":33,"minecraft:baked_potato":5,"minecraft:cherry_planks":29,"minecraft:leather_boots":1,"minecraft:salmon":2,"minecraft:crafting_table":11,"minecraft:spider_eye":1,"minecraft:white_bed":4,"minecraft:apple":2,"minecraft:sunflower":2,"minecraft:iron_pickaxe":530,"minecraft:yellow_wool":3,"minecraft:stone_axe":14,"minecraft:pink_petals":12,"minecraft:green_carpet":1,"minecraft:fishing_rod":13,"minecraft:cobblestone":83,"minecraft:cooked_porkchop":8,"minecraft:bucket":46,"minecraft:yellow_bed":6},"minecraft:dropped":{"minecraft:birch_planks":6,"minecraft:leather":1,"minecraft:flint":1,"minecraft:dirt":13,"minecraft:cracked_polished_blackstone_bricks":2,"minecraft:yellow_dye":1,"minecraft:wooden_sword":2,"minecraft:sunflower":9,"minecraft:polished_blackstone_bricks":2,"minecraft:white_wool":8,"minecraft:birch_stairs":1,"minecraft:bone":6,"minecraft:blackstone":1,"minecraft:sugar_cane":2,"minecraft:pointed_dripstone":28,"minecraft:rotten_flesh":26,"minecraft:oak_planks":2,"minecraft:mossy_stone_brick_slab":2,"minecraft:salmon":4,"minecraft:carrot":1,"minecraft:gunpowder":2,"minecraft:leather_boots":1,"minecraft:leather_leggings":1,"minecraft:arrow":12,"minecraft:stone_brick_stairs":1,"minecraft:golden_boots":1,"minecraft:wheat_seeds":19,"minecraft:dripstone_block":39,"minecraft:feather":3,"minecraft:iron_helmet":1,"minecraft:cobblestone":12,"minecraft:granite":4,"minecraft:grass_block":1,"minecraft:stick":1,"minecraft:diorite":19,"minecraft:wooden_axe":1,"minecraft:cherry_planks":32,"minecraft:diamond_helmet":1,"minecraft:iron_leggings":2,"minecraft:oak_stairs":1,"minecraft:pumpkin":2,"minecraft:string":6,"minecraft:pink_petals":31,"minecraft:stone_brick_slab":4,"minecraft:raw_copper":16,"minecraft:smooth_stone_slab":3,"minecraft:iron_boots":2,"minecraft:cherry_slab":2,"minecraft:glass_pane":4,"minecraft:diamond_sword":1,"minecraft:diamond_chestplate":1,"minecraft:iron_chestplate":1,"minecraft:andesite":1,"minecraft:golden_leggings":1,"minecraft:oak_sapling":4,"minecraft:spider_eye":3,"minecraft:wooden_pickaxe":1,"minecraft:calcite":2,"minecraft:black_wool":2},"minecraft:crafted":{"minecraft:oak_planks":204,"minecraft:cooked_chicken":4,"minecraft:cooked_mutton":3,"minecraft:iron_boots":2,"minecraft:chest":7,"minecraft:stone_hoe":1,"minecraft:oak_fence":69,"minecraft:cooked_porkchop":11,"minecraft:crafting_table":7,"minecraft:wooden_pickaxe":2,"minecraft:iron_helmet":2,"minecraft:yellow_dye":2,"minecraft:stick":120,"minecraft:iron_ingot":57,"minecraft:iron_pickaxe":3,"minecraft:stone_sword":1,"minecraft:light_gray_dye":2,"minecraft:cherry_planks":100,"minecraft:wooden_sword":2,"minecraft:fishing_rod":1,"minecraft:furnace":4,"minecraft:bone_meal":18,"minecraft:pink_dye":3,"minecraft:iron_axe":2,"minecraft:stone_pickaxe":1,"minecraft:cherry_fence_gate":1,"minecraft:wheat":63,"minecraft:cooked_beef":13,"minecraft:red_dye":1,"minecraft:iron_sword":1,"minecraft:cooked_salmon":4,"minecraft:bucket":3,"minecraft:stone_axe":1,"minecraft:bread":20,"minecraft:air":0,"minecraft:blue_dye":2,"minecraft:oak_fence_gate":2,"minecraft:wooden_axe":2,"minecraft:iron_shovel":3,"minecraft:iron_leggings":2,"minecraft:torch":56},"minecraft:picked_up":{"minecraft:iron_chestplate":2,"minecraft:wheat":27,"minecraft:yellow_wool":6,"minecraft:diamond_sword":1,"minecraft:oak_stairs":1,"minecraft:stone_brick_stairs":1,"minecraft:amethyst_block":30,"minecraft:string":7,"minecraft:raw_copper":16,"minecraft:smooth_stone_slab":3,"minecraft:iron_leggings":1,"minecraft:pufferfish":1,"minecraft:cobbled_deepslate":90,"minecraft:calcite":2,"minecraft:furnace":6,"minecraft:iron_boots":1,"minecraft:blue_wool":1,"minecraft:stick":2,"minecraft:oak_fence":5,"minecraft:torch":38,"minecraft:porkchop":20,"minecraft:cherry_log":25,"minecraft:pointed_dripstone":23,"minecraft:diorite":18,"minecraft:rotten_flesh":31,"minecraft:light_blue_wool":6,"minecraft:cod":4,"minecraft:cobblestone":209,"minecraft:pink_petals":341,"minecraft:feather":3,"minecraft:cherry_planks":67,"minecraft:birch_slab":10,"minecraft:water_bucket":1,"minecraft:andesite":1,"minecraft:brown_wool":8,"minecraft:golden_leggings":1,"minecraft:potato":5,"minecraft:tuff":11,"minecraft:lapis_lazuli":81,"minecraft:dirt":340,"minecraft:bone":26,"minecraft:bow":1,"minecraft:wheat_seeds":149,"minecraft:raw_gold":9,"minecraft:fletching_table":1,"minecraft:oak_planks":34,"minecraft:cooked_porkchop":4,"minecraft:grass_block":3,"minecraft:orange_wool":3,"minecraft:cracked_polished_blackstone_bricks":7,"minecraft:granite":5,"minecraft:emerald":1,"minecraft:oak_sapling":7,"minecraft:cherry_slab":8,"minecraft:netherrack":16,"minecraft:crafting_table":8,"minecraft:purple_wool":2,"minecraft:azure_bluet":3,"minecraft:chicken":4,"minecraft:pink_wool":5,"minecraft:gold_block":2,"minecraft:shield":1,"minecraft:cornflower":2,"minecraft:blackstone":4,"minecraft:glass_pane":4,"minecraft:beef":14,"minecraft:poppy":3,"minecraft:light_gray_wool":6,"minecraft:sugar_cane":2,"minecraft:chest":1,"minecraft:egg":26,"minecraft:raw_iron":122,"minecraft:polished_blackstone_bricks":10,"minecraft:carrot":59,"minecraft:redstone":72,"minecraft:arrow":20,"minecraft:hay_block":7,"minecraft:mutton":19,"minecraft:white_wool":8,"minecraft:basalt":6,"minecraft:golden_carrot":9,"minecraft:glow_ink_sac":1,"minecraft:salmon":39,"minecraft:leather":5,"minecraft:birch_planks":6,"minecraft:oak_log":42,"minecraft:golden_boots":1,"minecraft:yellow_bed":6,"minecraft:gunpowder":1,"minecraft:cooked_mutton":3,"minecraft:apple":1,"minecraft:oak_fence_gate":1,"minecraft:iron_ingot":63,"minecraft:cooked_chicken":1,"minecraft:iron_sword":3,"minecraft:smooth_basalt":3,"minecraft:pumpkin":2,"minecraft:stone_brick_slab":4,"minecraft:red_wool":3,"minecraft:dripstone_block":37,"minecraft:birch_stairs":1,"minecraft:white_bed":4,"minecraft:mossy_stone_brick_slab":2,"minecraft:green_carpet":1,"minecraft:spider_eye":6,"minecraft:stone_axe":1,"minecraft:cherry_sapling":1,"minecraft:baked_potato":5,"minecraft:coal":206,"minecraft:ender_pearl":2,"minecraft:sunflower":12},"minecraft:killed":{"minecraft:spider":6,"minecraft:skeleton":18,"minecraft:chicken":6,"minecraft:magma_cube":10,"minecraft:piglin":1,"minecraft:pig":9,"minecraft:salmon":35,"minecraft:iron_golem":1,"minecraft:sheep":3,"minecraft:zombie":20,"minecraft:cow":6,"minecraft:enderman":1}},"DataVersion":3953}