{"stats":{"minecraft:crafted":{"minecraft:cherry_planks":12,"minecraft:oak_planks":8,"minecraft:furnace":1,"minecraft:stone_pickaxe":2,"minecraft:crafting_table":4,"minecraft:wooden_pickaxe":1,"minecraft:iron_sword":1,"minecraft:bucket":3,"minecraft:birch_planks":72,"minecraft:stone_axe":2,"minecraft:air":0,"minecraft:iron_chestplate":2,"minecraft:stick":20,"minecraft:iron_ingot":21,"minecraft:iron_pickaxe":2,"minecraft:torch":16},"minecraft:picked_up":{"minecraft:chiseled_deepslate":1,"minecraft:crafting_table":3,"minecraft:iron_chestplate":1,"minecraft:wheat":9,"minecraft:chicken":1,"minecraft:ladder":1,"minecraft:leather_leggings":1,"minecraft:wooden_pickaxe":1,"minecraft:shield":1,"minecraft:amethyst_block":63,"minecraft:cornflower":1,"minecraft:string":3,"minecraft:iron_leggings":3,"minecraft:beetroot":1,"minecraft:deepslate_tiles":1,"minecraft:diamond_leggings":1,"minecraft:candle":38,"minecraft:gold_nugget":12,"minecraft:cobbled_deepslate":14,"minecraft:calcite":2,"minecraft:iron_pickaxe":1,"minecraft:enchanted_golden_apple":2,"minecraft:birch_sapling":2,"minecraft:furnace":2,"minecraft:raw_iron":39,"minecraft:torch":2,"minecraft:porkchop":1,"minecraft:cherry_log":3,"minecraft:carrot":20,"minecraft:cauldron":4,"minecraft:arrow":9,"minecraft:rotten_flesh":7,"minecraft:beetroot_seeds":4,"minecraft:polished_basalt":1,"minecraft:cracked_deepslate_bricks":1,"minecraft:saddle":1,"minecraft:mutton":14,"minecraft:snowball":2,"minecraft:white_wool":5,"minecraft:cobblestone":110,"minecraft:stripped_oak_log":2,"minecraft:birch_log":18,"minecraft:pink_petals":54,"minecraft:feather":2,"minecraft:cherry_planks":1,"minecraft:potato":9,"minecraft:birch_planks":63,"minecraft:flint":1,"minecraft:tuff":3,"minecraft:golden_boots":2,"minecraft:yellow_bed":1,"minecraft:lapis_lazuli":43,"minecraft:dirt":8,"minecraft:bone":15,"minecraft:wheat_seeds":42,"minecraft:raw_gold":39,"minecraft:iron_ingot":13,"minecraft:glowstone_dust":4,"minecraft:oak_planks":1,"minecraft:cooked_porkchop":5,"minecraft:sculk":2,"minecraft:dandelion":1,"minecraft:gravel":5,"minecraft:amethyst_shard":8,"minecraft:white_candle":12,"minecraft:sculk_sensor":2,"minecraft:diamond":6,"minecraft:soul_lantern":20,"minecraft:iron_helmet":1,"minecraft:cherry_sapling":3,"minecraft:emerald":1,"minecraft:bread":39,"minecraft:netherrack":87,"minecraft:coal":74,"minecraft:sunflower":5},"minecraft:killed":{"minecraft:spider":2,"minecraft:skeleton":10,"minecraft:silverfish":6,"minecraft:pig":1,"minecraft:sheep":5,"minecraft:goat":1,"minecraft:zombie":11},"minecraft:dropped":{"minecraft:golden_boots":1,"minecraft:water_bucket":1,"minecraft:iron_ingot":1,"minecraft:birch_planks":62,"minecraft:porkchop":1,"minecraft:wheat_seeds":11,"minecraft:lapis_lazuli":16,"minecraft:cobblestone":12,"minecraft:feather":2,"minecraft:piglin_head":1,"minecraft:coal":43,"minecraft:stick":1,"minecraft:flint":1,"minecraft:emerald":1,"minecraft:sculk":2,"minecraft:torch":10,"minecraft:cornflower":1,"minecraft:mutton":7,"minecraft:cherry_planks":1,"minecraft:iron_leggings":2,"minecraft:gold_nugget":12,"minecraft:sunflower":5,"minecraft:polished_basalt":1,"minecraft:iron_pickaxe":1,"minecraft:string":3,"minecraft:pink_petals":54,"minecraft:white_wool":3,"minecraft:dandelion":1,"minecraft:bone":1,"minecraft:gravel":1,"minecraft:furnace":1,"minecraft:stone_axe":1,"minecraft:cobbled_deepslate":11,"minecraft:tuff":3,"minecraft:birch_sapling":2,"minecraft:raw_iron":17,"minecraft:cherry_sapling":2,"minecraft:rotten_flesh":7,"minecraft:glowstone_dust":4,"minecraft:poppy":1,"minecraft:iron_chestplate":2,"minecraft:leather_leggings":1,"minecraft:arrow":9,"minecraft:wooden_pickaxe":2,"minecraft:raw_gold":15,"minecraft:cracked_deepslate_bricks":1,"minecraft:calcite":2,"minecraft:netherrack":64},"minecraft:killed_by":{"minecraft:player":1,"minecraft:warden":13,"minecraft:piglin":1,"minecraft:skeleton":1},"minecraft:mined":{"minecraft:nether_gold_ore":4,"minecraft:tuff":2,"minecraft:deepslate_diamond_ore":5,"minecraft:candle":18,"minecraft:cherry_log":3,"minecraft:glow_lichen":1,"minecraft:budding_amethyst":8,"minecraft:grass_block":2,"minecraft:tall_seagrass":1,"minecraft:furnace":1,"minecraft:carrots":14,"minecraft:polished_basalt":1,"minecraft:iron_ore":40,"minecraft:fire":3,"minecraft:chiseled_deepslate":1,"minecraft:deepslate_lapis_ore":6,"minecraft:sculk_shrieker":11,"minecraft:potatoes":3,"minecraft:water_cauldron":4,"minecraft:small_amethyst_bud":1,"minecraft:stripped_oak_log":2,"minecraft:stone":100,"minecraft:white_wool":1,"minecraft:cherry_planks":1,"minecraft:medium_amethyst_bud":1,"minecraft:amethyst_cluster":2,"minecraft:soul_lantern":21,"minecraft:powder_snow":4,"minecraft:crafting_table":3,"minecraft:torch":1,"minecraft:short_grass":11,"minecraft:calcite":1,"minecraft:sculk_sensor":7,"minecraft:tall_grass":4,"minecraft:cobblestone":13,"minecraft:white_candle":6,"minecraft:deepslate_gold_ore":26,"minecraft:oak_planks":1,"minecraft:sculk":19,"minecraft:amethyst_block":64,"minecraft:birch_planks":1,"minecraft:birch_log":18,"minecraft:wheat":13,"minecraft:yellow_bed":1,"minecraft:coal_ore":32,"minecraft:beetroots":2,"minecraft:sunflower":6,"minecraft:gravel":7,"minecraft:dirt":5,"minecraft:netherrack":76,"minecraft:gold_ore":15,"minecraft:deepslate":14},"minecraft:broken":{"minecraft:stone_pickaxe":2},"minecraft:custom":{"minecraft:mob_kills":39,"minecraft:interact_with_crafting_table":20,"minecraft:leave_game":13,"minecraft:time_since_death":5535,"minecraft:climb_one_cm":3287,"minecraft:sprint_one_cm":299345,"minecraft:walk_one_cm":335824,"minecraft:damage_blocked_by_shield":296,"minecraft:drop":84,"minecraft:talked_to_villager":10,"minecraft:play_time":197052,"minecraft:sneak_time":48778,"minecraft:deaths":18,"minecraft:walk_under_water_one_cm":13445,"minecraft:jump":2490,"minecraft:walk_on_water_one_cm":25571,"minecraft:total_world_time":197052,"minecraft:interact_with_furnace":17,"minecraft:sleep_in_bed":3,"minecraft:time_since_rest":5268,"minecraft:damage_taken":7074,"minecraft:damage_dealt":6462,"minecraft:swim_one_cm":36355,"minecraft:player_kills":1,"minecraft:fly_one_cm":362028,"minecraft:open_chest":7,"minecraft:crouch_one_cm":180918,"minecraft:fall_one_cm":104340},"minecraft:used":{"minecraft:cherry_sapling":1,"minecraft:chiseled_deepslate":1,"minecraft:ladder":1,"minecraft:shield":6,"minecraft:iron_sword":239,"minecraft:netherrack":4,"minecraft:sculk_sensor":2,"minecraft:iron_chestplate":1,"minecraft:torch":8,"minecraft:dirt":8,"minecraft:carrot":7,"minecraft:snowball":2,"minecraft:lava_bucket":24,"minecraft:iron_helmet":1,"minecraft:furnace":2,"minecraft:potato":14,"minecraft:cobbled_deepslate":3,"minecraft:wheat_seeds":31,"minecraft:water_bucket":4,"minecraft:leather_leggings":1,"minecraft:birch_planks":43,"minecraft:stone_pickaxe":247,"minecraft:wooden_pickaxe":3,"minecraft:white_wool":2,"minecraft:crafting_table":7,"minecraft:deepslate_tiles":1,"minecraft:apple":9,"minecraft:chicken":1,"minecraft:bread":39,"minecraft:iron_pickaxe":240,"minecraft:gravel":4,"minecraft:soul_lantern":1,"minecraft:stone_axe":20,"minecraft:cobblestone":78,"minecraft:cooked_porkchop":5,"minecraft:bucket":31,"minecraft:yellow_bed":1}},"DataVersion":3839}