{"stats":{"minecraft:crafted":{"minecraft:cherry_planks":12,"minecraft:oak_planks":8,"minecraft:fishing_rod":1,"minecraft:furnace":1,"minecraft:stone_pickaxe":2,"minecraft:crafting_table":5,"minecraft:wooden_pickaxe":1,"minecraft:iron_sword":1,"minecraft:bucket":3,"minecraft:birch_planks":72,"minecraft:stone_axe":2,"minecraft:air":0,"minecraft:iron_chestplate":2,"minecraft:stick":28,"minecraft:iron_ingot":21,"minecraft:iron_pickaxe":3,"minecraft:torch":16},"minecraft:picked_up":{"minecraft:chiseled_deepslate":1,"minecraft:crafting_table":4,"minecraft:iron_chestplate":1,"minecraft:wheat":10,"minecraft:chicken":1,"minecraft:ladder":1,"minecraft:leather_leggings":1,"minecraft:wooden_pickaxe":1,"minecraft:shield":1,"minecraft:amethyst_block":63,"minecraft:cornflower":1,"minecraft:string":5,"minecraft:iron_leggings":4,"minecraft:beetroot":2,"minecraft:deepslate_tiles":1,"minecraft:diamond_leggings":1,"minecraft:candle":38,"minecraft:gold_nugget":12,"minecraft:cobbled_deepslate":34,"minecraft:calcite":2,"minecraft:iron_pickaxe":2,"minecraft:enchanted_golden_apple":2,"minecraft:birch_sapling":2,"minecraft:furnace":2,"minecraft:raw_iron":39,"minecraft:torch":3,"minecraft:porkchop":1,"minecraft:cherry_log":3,"minecraft:carrot":36,"minecraft:cauldron":4,"minecraft:arrow":9,"minecraft:rotten_flesh":11,"minecraft:tropical_fish":1,"minecraft:beetroot_seeds":4,"minecraft:polished_basalt":1,"minecraft:cracked_deepslate_bricks":1,"minecraft:saddle":2,"minecraft:mutton":14,"minecraft:cod":2,"minecraft:snowball":2,"minecraft:white_wool":5,"minecraft:cobblestone":116,"minecraft:stripped_oak_log":2,"minecraft:birch_log":18,"minecraft:pink_petals":56,"minecraft:feather":2,"minecraft:cherry_planks":1,"minecraft:glow_ink_sac":2,"minecraft:potato":17,"minecraft:birch_planks":63,"minecraft:flint":1,"minecraft:tuff":4,"minecraft:golden_boots":2,"minecraft:yellow_bed":1,"minecraft:lapis_lazuli":43,"minecraft:dirt":12,"minecraft:piglin_head":1,"minecraft:bone":15,"minecraft:wheat_seeds":44,"minecraft:raw_gold":51,"minecraft:iron_ingot":18,"minecraft:glowstone_dust":4,"minecraft:oak_planks":1,"minecraft:cooked_porkchop":5,"minecraft:sculk":2,"minecraft:dandelion":3,"minecraft:gravel":5,"minecraft:amethyst_shard":8,"minecraft:spider_eye":1,"minecraft:mossy_cobblestone":5,"minecraft:white_candle":12,"minecraft:sculk_sensor":2,"minecraft:diamond":20,"minecraft:soul_lantern":20,"minecraft:iron_helmet":2,"minecraft:cherry_sapling":3,"minecraft:bread":39,"minecraft:emerald":1,"minecraft:netherrack":87,"minecraft:coal":74,"minecraft:sunflower":5},"minecraft:killed":{"minecraft:spider":4,"minecraft:skeleton":10,"minecraft:silverfish":6,"minecraft:pig":1,"minecraft:iron_golem":1,"minecraft:sheep":5,"minecraft:goat":1,"minecraft:zombie":13},"minecraft:dropped":{"minecraft:water_bucket":1,"minecraft:golden_boots":1,"minecraft:iron_ingot":1,"minecraft:birch_planks":62,"minecraft:porkchop":1,"minecraft:wheat_seeds":11,"minecraft:lapis_lazuli":16,"minecraft:diamond":12,"minecraft:iron_helmet":2,"minecraft:feather":2,"minecraft:cobblestone":12,"minecraft:piglin_head":1,"minecraft:saddle":2,"minecraft:coal":43,"minecraft:stick":4,"minecraft:flint":1,"minecraft:emerald":1,"minecraft:sculk":2,"minecraft:torch":11,"minecraft:cornflower":1,"minecraft:mutton":14,"minecraft:cherry_planks":1,"minecraft:iron_leggings":4,"minecraft:gold_nugget":12,"minecraft:sunflower":5,"minecraft:polished_basalt":1,"minecraft:iron_pickaxe":3,"minecraft:string":3,"minecraft:pink_petals":54,"minecraft:white_wool":3,"minecraft:dandelion":1,"minecraft:bone":1,"minecraft:gravel":1,"minecraft:furnace":1,"minecraft:stone_axe":1,"minecraft:cobbled_deepslate":11,"minecraft:tuff":3,"minecraft:birch_sapling":2,"minecraft:raw_iron":17,"minecraft:cherry_sapling":2,"minecraft:beetroot":1,"minecraft:rotten_flesh":9,"minecraft:glowstone_dust":4,"minecraft:carrot":12,"minecraft:poppy":1,"minecraft:potato":1,"minecraft:iron_chestplate":2,"minecraft:leather_leggings":1,"minecraft:arrow":10,"minecraft:wooden_pickaxe":2,"minecraft:raw_gold":15,"minecraft:cracked_deepslate_bricks":1,"minecraft:calcite":2,"minecraft:netherrack":64},"minecraft:killed_by":{"minecraft:player":1,"minecraft:warden":17,"minecraft:piglin":1,"minecraft:skeleton":1,"minecraft:zombie":1},"minecraft:mined":{"minecraft:nether_gold_ore":4,"minecraft:tuff":3,"minecraft:mossy_cobblestone":8,"minecraft:deepslate_diamond_ore":13,"minecraft:candle":18,"minecraft:cherry_log":3,"minecraft:glow_lichen":1,"minecraft:budding_amethyst":8,"minecraft:grass_block":4,"minecraft:tall_seagrass":1,"minecraft:furnace":1,"minecraft:carrots":19,"minecraft:iron_ore":40,"minecraft:polished_basalt":1,"minecraft:fire":3,"minecraft:chiseled_deepslate":1,"minecraft:deepslate_lapis_ore":6,"minecraft:sculk_shrieker":11,"minecraft:potatoes":9,"minecraft:dirt_path":5,"minecraft:water_cauldron":4,"minecraft:small_amethyst_bud":1,"minecraft:stripped_oak_log":2,"minecraft:stone":102,"minecraft:white_wool":1,"minecraft:cherry_planks":1,"minecraft:medium_amethyst_bud":1,"minecraft:amethyst_cluster":2,"minecraft:dandelion":2,"minecraft:soul_lantern":21,"minecraft:powder_snow":4,"minecraft:crafting_table":4,"minecraft:torch":3,"minecraft:short_grass":12,"minecraft:calcite":1,"minecraft:sculk_sensor":7,"minecraft:tall_grass":5,"minecraft:cobblestone":21,"minecraft:white_candle":6,"minecraft:deepslate_gold_ore":38,"minecraft:oak_planks":1,"minecraft:sculk":19,"minecraft:amethyst_block":64,"minecraft:birch_planks":1,"minecraft:birch_log":18,"minecraft:wheat":14,"minecraft:yellow_bed":1,"minecraft:coal_ore":32,"minecraft:beetroots":2,"minecraft:sunflower":6,"minecraft:gravel":7,"minecraft:dirt":11,"minecraft:netherrack":76,"minecraft:gold_ore":15,"minecraft:deepslate":38},"minecraft:broken":{"minecraft:golden_boots":1,"minecraft:stone_pickaxe":2,"minecraft:iron_sword":1,"minecraft:iron_pickaxe":1},"minecraft:custom":{"minecraft:mob_kills":44,"minecraft:interact_with_crafting_table":22,"minecraft:leave_game":14,"minecraft:time_since_death":6547,"minecraft:climb_one_cm":3287,"minecraft:sprint_one_cm":354163,"minecraft:walk_one_cm":404420,"minecraft:damage_blocked_by_shield":481,"minecraft:drop":107,"minecraft:talked_to_villager":11,"minecraft:play_time":230295,"minecraft:sneak_time":51910,"minecraft:deaths":25,"minecraft:walk_under_water_one_cm":18014,"minecraft:jump":2818,"minecraft:walk_on_water_one_cm":36915,"minecraft:total_world_time":230295,"minecraft:interact_with_furnace":17,"minecraft:sleep_in_bed":3,"minecraft:time_since_rest":6575,"minecraft:damage_taken":8844,"minecraft:damage_dealt":7811,"minecraft:swim_one_cm":37080,"minecraft:player_kills":1,"minecraft:fly_one_cm":422618,"minecraft:open_chest":21,"minecraft:crouch_one_cm":193005,"minecraft:fish_caught":3,"minecraft:fall_one_cm":122121},"minecraft:used":{"minecraft:cherry_sapling":1,"minecraft:chiseled_deepslate":1,"minecraft:ladder":1,"minecraft:shield":14,"minecraft:iron_sword":265,"minecraft:netherrack":4,"minecraft:sculk_sensor":2,"minecraft:iron_chestplate":1,"minecraft:torch":8,"minecraft:dirt":11,"minecraft:carrot":14,"minecraft:snowball":2,"minecraft:lava_bucket":25,"minecraft:iron_axe":13,"minecraft:iron_helmet":1,"minecraft:furnace":2,"minecraft:potato":21,"minecraft:cobbled_deepslate":10,"minecraft:wheat_seeds":32,"minecraft:water_bucket":10,"minecraft:leather_leggings":1,"minecraft:birch_planks":43,"minecraft:stone_pickaxe":247,"minecraft:wooden_pickaxe":3,"minecraft:white_wool":2,"minecraft:mossy_cobblestone":1,"minecraft:crafting_table":8,"minecraft:deepslate_tiles":1,"minecraft:apple":9,"minecraft:chicken":1,"minecraft:bread":46,"minecraft:iron_pickaxe":306,"minecraft:gravel":4,"minecraft:soul_lantern":1,"minecraft:stone_axe":20,"minecraft:fishing_rod":16,"minecraft:cobblestone":78,"minecraft:cooked_porkchop":5,"minecraft:bucket":37,"minecraft:yellow_bed":1}},"DataVersion":3839}