{"stats":{"minecraft:broken":{"minecraft:diamond_helmet":1,"minecraft:iron_boots":2,"minecraft:iron_chestplate":1,"minecraft:iron_leggings":1,"minecraft:golden_leggings":1,"minecraft:golden_sword":1,"minecraft:stone_axe":1,"minecraft:wooden_axe":1,"minecraft:iron_axe":3,"minecraft:iron_pickaxe":3,"minecraft:iron_helmet":1},"minecraft:mined":{"minecraft:dark_oak_planks":3,"minecraft:white_bed":5,"minecraft:farmland":3,"minecraft:cherry_log":250,"minecraft:cherry_trapdoor":57,"minecraft:granite":2,"minecraft:budding_amethyst":1,"minecraft:acacia_log":29,"minecraft:grass_block":198,"minecraft:jungle_log":2,"minecraft:cracked_polished_blackstone_bricks":2,"minecraft:oxeye_daisy":2,"minecraft:tuff_bricks":9,"minecraft:polished_blackstone_bricks":1,"minecraft:tall_seagrass":3,"minecraft:cobbled_deepslate":2,"minecraft:iron_ore":71,"minecraft:fire":4,"minecraft:polished_tuff":4,"minecraft:moss_carpet":7,"minecraft:deepslate_lapis_ore":2,"minecraft:azure_bluet":2,"minecraft:dark_oak_stairs":19,"minecraft:pointed_dripstone":8,"minecraft:cave_vines":5,"minecraft:pink_tulip":2,"minecraft:azalea":7,"minecraft:green_bed":1,"minecraft:deepslate_redstone_ore":11,"minecraft:stripped_cherry_wood":1,"minecraft:red_bed":1,"minecraft:blackstone":1,"minecraft:medium_amethyst_bud":1,"minecraft:clay":2,"minecraft:torch":14,"minecraft:calcite":2,"minecraft:melon":6,"minecraft:cobblestone":81,"minecraft:waxed_chiseled_copper":1,"minecraft:sugar_cane":21,"minecraft:wall_torch":19,"minecraft:amethyst_block":1,"minecraft:cherry_slab":49,"minecraft:deepslate_copper_ore":4,"minecraft:pink_petals":195,"minecraft:seagrass":5,"minecraft:cherry_fence":14,"minecraft:red_candle":2,"minecraft:acacia_sapling":2,"minecraft:birch_log":45,"minecraft:magenta_bed":1,"minecraft:wheat":37,"minecraft:birch_trapdoor":6,"minecraft:lilac":3,"minecraft:waxed_copper_block":2,"minecraft:stone_brick_stairs":10,"minecraft:smooth_stone_slab":1,"minecraft:oak_log":49,"minecraft:cherry_button":7,"minecraft:dark_oak_sapling":2,"minecraft:waxed_oxidized_copper":1,"minecraft:dirt":67,"minecraft:netherrack":3,"minecraft:oak_leaves":15,"minecraft:deepslate":50,"minecraft:tuff":11,"minecraft:candle":3,"minecraft:dark_oak_leaves":7,"minecraft:deepslate_diamond_ore":16,"minecraft:stripped_cherry_log":39,"minecraft:cherry_sapling":14,"minecraft:dark_oak_log":262,"minecraft:glow_lichen":1,"minecraft:ladder":5,"minecraft:stone_button":2,"minecraft:decorated_pot":10,"minecraft:jungle_planks":4,"minecraft:redstone_wire":1,"minecraft:cherry_wood":2,"minecraft:birch_slab":10,"minecraft:moss_block":20,"minecraft:furnace":1,"minecraft:carrots":21,"minecraft:andesite":1,"minecraft:peony":9,"minecraft:big_dripleaf_stem":1,"minecraft:potatoes":109,"minecraft:deepslate_iron_ore":85,"minecraft:vine":1,"minecraft:rail":116,"minecraft:lantern":1,"minecraft:bamboo":15,"minecraft:stone":253,"minecraft:cherry_stairs":72,"minecraft:white_wool":41,"minecraft:podzol":1,"minecraft:oak_slab":2,"minecraft:birch_stairs":4,"minecraft:acacia_leaves":3,"minecraft:flowering_azalea":17,"minecraft:cherry_planks":50,"minecraft:lily_of_the_valley":2,"minecraft:dandelion":4,"minecraft:oak_fence":2,"minecraft:crafting_table":8,"minecraft:cornflower":1,"minecraft:short_grass":197,"minecraft:tall_grass":46,"minecraft:copper_ore":1,"minecraft:deepslate_gold_ore":27,"minecraft:lapis_ore":2,"minecraft:diorite":13,"minecraft:birch_planks":24,"minecraft:waxed_oxidized_copper_grate":1,"minecraft:birch_leaves":1,"minecraft:yellow_bed":5,"minecraft:coal_ore":60,"minecraft:cocoa":2,"minecraft:cherry_leaves":15,"minecraft:flower_pot":1,"minecraft:sunflower":13,"minecraft:gravel":2,"minecraft:dripstone_block":6,"minecraft:acacia_planks":2,"minecraft:fern":13},"minecraft:crafted":{"minecraft:oak_planks":116,"minecraft:cherry_wood":3,"minecraft:cherry_slab":72,"minecraft:cooked_chicken":2,"minecraft:birch_slab":42,"minecraft:cherry_boat":1,"minecraft:stone":90,"minecraft:cooked_mutton":31,"minecraft:iron_boots":1,"minecraft:decorated_pot":11,"minecraft:stone_bricks":84,"minecraft:cherry_fence":36,"minecraft:cooked_porkchop":9,"minecraft:crafting_table":1,"minecraft:wooden_pickaxe":1,"minecraft:baked_potato":131,"minecraft:cherry_button":5,"minecraft:birch_planks":172,"minecraft:stone_brick_stairs":32,"minecraft:iron_chestplate":3,"minecraft:shield":3,"minecraft:stick":116,"minecraft:iron_pickaxe":3,"minecraft:iron_ingot":96,"minecraft:gold_ingot":26,"minecraft:dark_oak_fence_gate":2,"minecraft:birch_stairs":24,"minecraft:shears":1,"minecraft:golden_carrot":19,"minecraft:cherry_planks":564,"minecraft:wooden_sword":1,"minecraft:stone_brick_wall":30,"minecraft:iron_nugget":126,"minecraft:stone_button":4,"minecraft:furnace":4,"minecraft:bone_meal":150,"minecraft:cherry_trapdoor":92,"minecraft:lantern":14,"minecraft:dark_oak_fence":6,"minecraft:iron_axe":2,"minecraft:ladder":6,"minecraft:iron_hoe":1,"minecraft:cherry_stairs":92,"minecraft:stone_pickaxe":1,"minecraft:dark_oak_planks":100,"minecraft:dark_oak_stairs":24,"minecraft:iron_sword":4,"minecraft:cooked_salmon":3,"minecraft:air":0,"minecraft:jungle_planks":4,"minecraft:gold_nugget":162,"minecraft:white_dye":16,"minecraft:wooden_axe":1,"minecraft:birch_trapdoor":14,"minecraft:iron_leggings":1,"minecraft:iron_shovel":1,"minecraft:cherry_door":3,"minecraft:white_bed":1,"minecraft:acacia_planks":116,"minecraft:torch":260},"minecraft:killed_by":{"minecraft:piglin_brute":3,"minecraft:pillager":1,"minecraft:magma_cube":5,"minecraft:piglin":1,"minecraft:zombie":9,"minecraft:player":5,"minecraft:skeleton":2},"minecraft:dropped":{"minecraft:iron_sword":5,"minecraft:moss_block":10,"minecraft:dark_oak_stairs":2,"minecraft:oak_log":3,"minecraft:baked_potato":72,"minecraft:dark_oak_sapling":34,"minecraft:crafting_table":2,"minecraft:cooked_porkchop":4,"minecraft:glow_berries":13,"minecraft:honeycomb":5,"minecraft:cherry_pressure_plate":32,"minecraft:rail":192,"minecraft:birch_slab":8,"minecraft:emerald":1,"minecraft:dirt":234,"minecraft:red_bed":1,"minecraft:dark_oak_log":262,"minecraft:stone_button":1,"minecraft:cherry_trapdoor":4,"minecraft:cornflower":4,"minecraft:mutton":17,"minecraft:bone_meal":24,"minecraft:axolotl_bucket":1,"minecraft:birch_log":1,"minecraft:white_wool":143,"minecraft:tropical_fish_bucket":5,"minecraft:bone":11,"minecraft:cherry_boat":1,"minecraft:cherry_stairs":32,"minecraft:cooked_chicken":2,"minecraft:cobbled_deepslate":9,"minecraft:pointed_dripstone":5,"minecraft:cherry_sapling":3,"minecraft:rotten_flesh":9,"minecraft:oak_planks":33,"minecraft:cooked_mutton":3,"minecraft:white_bed":1,"minecraft:carrot":1,"minecraft:waxed_copper_block":1,"minecraft:salmon":2,"minecraft:poppy":4,"minecraft:gunpowder":6,"minecraft:beetroot_seeds":4,"minecraft:lingering_potion":1,"minecraft:jungle_log":1,"minecraft:azalea":4,"minecraft:acacia_sapling":2,"minecraft:ladder":1,"minecraft:white_dye":7,"minecraft:arrow":1,"minecraft:glass":1,"minecraft:beef":2,"minecraft:stone_brick_stairs":15,"minecraft:cherry_fence":15,"minecraft:egg":6,"minecraft:enchanted_book":1,"minecraft:water_bucket":1,"minecraft:stone_hoe":1,"minecraft:golden_boots":1,"minecraft:iron_ingot":66,"minecraft:wheat_seeds":74,"minecraft:cherry_log":112,"minecraft:dripstone_block":2,"minecraft:golden_axe":3,"minecraft:cobblestone":33,"minecraft:activator_rail":3,"minecraft:tropical_fish":2,"minecraft:grass_block":1,"minecraft:coal":1,"minecraft:stick":15,"minecraft:magenta_bed":2,"minecraft:oxeye_daisy":2,"minecraft:golden_carrot":9,"minecraft:torch":29,"minecraft:melon_slice":34,"minecraft:cherry_planks":126,"minecraft:waxed_oxidized_copper":1,"minecraft:potion":1,"minecraft:iron_leggings":1,"minecraft:golden_hoe":1,"minecraft:flowering_azalea":18,"minecraft:iron_axe":3,"minecraft:iron_shovel":2,"minecraft:string":6,"minecraft:pink_petals":21,"minecraft:acacia_planks":3,"minecraft:redstone":46,"minecraft:furnace":2,"minecraft:moss_carpet":4,"minecraft:cocoa_beans":3,"minecraft:raw_copper":20,"minecraft:smooth_stone_slab":1,"minecraft:green_bed":1,"minecraft:raw_iron":64,"minecraft:clay_ball":20,"minecraft:name_tag":2,"minecraft:shears":1,"minecraft:pumpkin_seeds":2,"minecraft:flint_and_steel":2,"minecraft:potato":64,"minecraft:stone":3,"minecraft:shield":2,"minecraft:iron_chestplate":3,"minecraft:spider_eye":6,"minecraft:stone_bricks":2,"minecraft:bamboo":100,"minecraft:wooden_pickaxe":1,"minecraft:raw_gold":27},"minecraft:used":{"minecraft:moss_block":68,"minecraft:moss_carpet":10,"minecraft:cherry_sapling":96,"minecraft:iron_shovel":246,"minecraft:ladder":11,"minecraft:poppy":3,"minecraft:decorated_pot":9,"minecraft:shield":125,"minecraft:iron_sword":585,"minecraft:rotten_flesh":10,"minecraft:mutton":9,"minecraft:jungle_planks":8,"minecraft:carrot":33,"minecraft:acacia_sapling":4,"minecraft:axolotl_bucket":5,"minecraft:glass":13,"minecraft:lantern":19,"minecraft:grass_block":2,"minecraft:birch_sapling":5,"minecraft:cherry_button":10,"minecraft:stone_brick_stairs":27,"minecraft:golden_sword":5,"minecraft:birch_trapdoor":20,"minecraft:furnace":4,"minecraft:egg":8,"minecraft:potato":165,"minecraft:dark_oak_sapling":36,"minecraft:dark_oak_stairs":38,"minecraft:oak_planks":31,"minecraft:stone_pickaxe":99,"minecraft:wooden_pickaxe":40,"minecraft:sugar_cane":31,"minecraft:white_wool":54,"minecraft:glow_berries":20,"minecraft:golden_hoe":94,"minecraft:stone_brick_wall":22,"minecraft:shears":31,"minecraft:dark_oak_log":53,"minecraft:birch_slab":38,"minecraft:bread":3,"minecraft:stone_button":3,"minecraft:wooden_sword":43,"minecraft:andesite":1,"minecraft:azalea":4,"minecraft:bone_meal":104,"minecraft:oak_fence":1,"minecraft:cherry_boat":1,"minecraft:cherry_wood":3,"minecraft:redstone":1,"minecraft:cooked_salmon":3,"minecraft:stone_hoe":4,"minecraft:cooked_chicken":5,"minecraft:torch":192,"minecraft:dirt":461,"minecraft:salmon_bucket":1,"minecraft:iron_hoe":39,"minecraft:dark_oak_planks":28,"minecraft:wooden_axe":51,"minecraft:flowering_azalea":1,"minecraft:iron_axe":1069,"minecraft:cherry_slab":152,"minecraft:cherry_trapdoor":144,"minecraft:bamboo":91,"minecraft:light_gray_wool":1,"minecraft:golden_carrot":18,"minecraft:acacia_planks":90,"minecraft:cherry_fence":29,"minecraft:cobbled_deepslate":7,"minecraft:cherry_log":192,"minecraft:golden_axe":92,"minecraft:calcite":2,"minecraft:wheat_seeds":12,"minecraft:cooked_mutton":28,"minecraft:water_bucket":63,"minecraft:birch_planks":37,"minecraft:baked_potato":88,"minecraft:cherry_planks":504,"minecraft:green_bed":2,"minecraft:salmon":1,"minecraft:crafting_table":10,"minecraft:white_bed":5,"minecraft:dark_oak_fence_gate":2,"minecraft:oak_log":4,"minecraft:oxeye_daisy":1,"minecraft:cherry_door":1,"minecraft:sunflower":11,"minecraft:chicken":2,"minecraft:iron_pickaxe":749,"minecraft:stone_axe":29,"minecraft:pink_petals":1561,"minecraft:potion":2,"minecraft:cobblestone":212,"minecraft:cherry_stairs":125,"minecraft:porkchop":4,"minecraft:cooked_porkchop":6,"minecraft:bucket":70,"minecraft:glass_pane":14,"minecraft:yellow_bed":5,"minecraft:dandelion":2,"minecraft:birch_stairs":28},"minecraft:custom":{"minecraft:animals_bred":11,"minecraft:open_barrel":2,"minecraft:interact_with_crafting_table":126,"minecraft:bell_ring":2,"minecraft:leave_game":4,"minecraft:time_since_death":7463,"minecraft:sprint_one_cm":2099588,"minecraft:damage_blocked_by_shield":3799,"minecraft:drop":261,"minecraft:talked_to_villager":1,"minecraft:play_time":635365,"minecraft:deaths":42,"minecraft:jump":15195,"minecraft:walk_on_water_one_cm":130021,"minecraft:interact_with_furnace":147,"minecraft:sleep_in_bed":23,"minecraft:damage_dealt":34406,"minecraft:player_kills":6,"minecraft:crouch_one_cm":112873,"minecraft:inspect_dispenser":8,"minecraft:mob_kills":229,"minecraft:climb_one_cm":12757,"minecraft:walk_one_cm":1284592,"minecraft:sneak_time":37196,"minecraft:walk_under_water_one_cm":39066,"minecraft:boat_one_cm":24121,"minecraft:total_world_time":635365,"minecraft:time_since_rest":7490,"minecraft:damage_taken":15620,"minecraft:swim_one_cm":139767,"minecraft:fly_one_cm":3185897,"minecraft:open_chest":443,"minecraft:fall_one_cm":446862},"minecraft:killed":{"minecraft:spider":8,"minecraft:skeleton":42,"minecraft:chicken":4,"minecraft:magma_cube":21,"minecraft:piglin":7,"minecraft:pig":4,"minecraft:zombie_villager":1,"minecraft:salmon":7,"minecraft:creeper":3,"minecraft:sheep":30,"minecraft:pillager":2,"minecraft:zombie":79,"minecraft:cow":1,"minecraft:armadillo":1,"minecraft:breeze":7,"minecraft:enderman":1},"minecraft:picked_up":{"minecraft:iron_chestplate":1,"minecraft:wheat":13,"minecraft:potion":4,"minecraft:stone_brick_stairs":10,"minecraft:golden_sword":2,"minecraft:amethyst_block":1,"minecraft:red_candle":7,"minecraft:string":9,"minecraft:raw_copper":20,"minecraft:cooked_salmon":1,"minecraft:smooth_stone_slab":2,"minecraft:iron_leggings":1,"minecraft:cherry_boat":1,"minecraft:cobbled_deepslate":37,"minecraft:trial_key":4,"minecraft:calcite":4,"minecraft:azalea":8,"minecraft:melon_slice":34,"minecraft:iron_boots":1,"minecraft:furnace":2,"minecraft:stick":30,"minecraft:birch_trapdoor":6,"minecraft:oak_fence":4,"minecraft:green_bed":2,"minecraft:torch":48,"minecraft:acacia_log":29,"minecraft:golden_axe":2,"minecraft:porkchop":4,"minecraft:cherry_log":417,"minecraft:pointed_dripstone":10,"minecraft:diorite":1,"minecraft:rotten_flesh":71,"minecraft:tropical_fish":2,"minecraft:cobblestone":361,"minecraft:birch_log":44,"minecraft:pink_petals":1310,"minecraft:feather":3,"minecraft:lilac":1,"minecraft:cherry_planks":692,"minecraft:birch_slab":11,"minecraft:water_bucket":2,"minecraft:andesite":1,"minecraft:jungle_log":2,"minecraft:potato":449,"minecraft:flint":1,"minecraft:cherry_fence":8,"minecraft:magenta_bed":2,"minecraft:lantern":5,"minecraft:lapis_lazuli":18,"minecraft:dirt":584,"minecraft:bone":42,"minecraft:acacia_planks":5,"minecraft:bow":1,"minecraft:wheat_seeds":146,"minecraft:raw_gold":27,"minecraft:diamond_helmet":1,"minecraft:bamboo":144,"minecraft:moss_block":20,"minecraft:cooked_porkchop":2,"minecraft:poisonous_potato":4,"minecraft:jungle_planks":4,"minecraft:dark_oak_log":308,"minecraft:diamond":17,"minecraft:waxed_oxidized_copper_grate":1,"minecraft:cherry_wood":2,"minecraft:cracked_polished_blackstone_bricks":4,"minecraft:breeze_rod":9,"minecraft:granite":2,"minecraft:dark_oak_fence":1,"minecraft:bread":3,"minecraft:emerald":1,"minecraft:oak_sapling":2,"minecraft:cherry_slab":39,"minecraft:netherrack":15,"minecraft:lingering_potion":1,"minecraft:cocoa_beans":3,"minecraft:crafting_table":12,"minecraft:azure_bluet":2,"minecraft:ominous_bottle":2,"minecraft:chicken":4,"minecraft:ladder":6,"minecraft:clay_ball":20,"minecraft:stripped_cherry_log":38,"minecraft:brick":8,"minecraft:cornflower":6,"minecraft:red_bed":1,"minecraft:moss_carpet":14,"minecraft:iron_axe":1,"minecraft:iron_shovel":2,"minecraft:blackstone":2,"minecraft:candle":6,"minecraft:beef":2,"minecraft:light_gray_wool":1,"minecraft:poppy":7,"minecraft:sugar_cane":31,"minecraft:birch_sapling":5,"minecraft:cherry_button":8,"minecraft:waxed_oxidized_copper":2,"minecraft:cherry_trapdoor":56,"minecraft:egg":18,"minecraft:dark_oak_sapling":36,"minecraft:raw_iron":158,"minecraft:stone":2,"minecraft:cherry_stairs":83,"minecraft:polished_blackstone_bricks":3,"minecraft:stone_button":2,"minecraft:carrot":90,"minecraft:redstone":47,"minecraft:dark_oak_planks":2,"minecraft:diamond_chestplate":1,"minecraft:arrow":66,"minecraft:decorated_pot":4,"minecraft:peony":9,"minecraft:shears":1,"minecraft:tuff_bricks":7,"minecraft:glow_berries":16,"minecraft:mutton":42,"minecraft:white_wool":197,"minecraft:rail":178,"minecraft:oxeye_daisy":5,"minecraft:salmon":8,"minecraft:yellow_dye":1,"minecraft:birch_planks":24,"minecraft:oak_log":45,"minecraft:waxed_copper_block":4,"minecraft:golden_boots":2,"minecraft:yellow_bed":6,"minecraft:gunpowder":8,"minecraft:apple":2,"minecraft:stone_bricks":2,"minecraft:iron_ingot":1,"minecraft:cooked_chicken":5,"minecraft:dark_oak_stairs":19,"minecraft:flowering_azalea":19,"minecraft:iron_sword":2,"minecraft:acacia_sapling":4,"minecraft:scaffolding":1,"minecraft:stone_brick_slab":1,"minecraft:dandelion":15,"minecraft:dripstone_block":6,"minecraft:gravel":1,"minecraft:birch_stairs":4,"minecraft:white_bed":6,"minecraft:spider_eye":7,"minecraft:iron_helmet":1,"minecraft:cherry_sapling":34,"minecraft:baked_potato":19,"minecraft:black_wool":3,"minecraft:coal":70,"minecraft:sunflower":11}},"DataVersion":3953}