{"stats":{"minecraft:broken":{"minecraft:diamond_helmet":1,"minecraft:iron_boots":2,"minecraft:iron_chestplate":1,"minecraft:iron_leggings":1,"minecraft:golden_leggings":1,"minecraft:golden_sword":1,"minecraft:wooden_axe":1,"minecraft:iron_axe":3,"minecraft:iron_pickaxe":3,"minecraft:iron_helmet":1},"minecraft:mined":{"minecraft:white_bed":5,"minecraft:farmland":3,"minecraft:cherry_log":147,"minecraft:cherry_trapdoor":23,"minecraft:granite":2,"minecraft:budding_amethyst":1,"minecraft:acacia_log":29,"minecraft:grass_block":198,"minecraft:jungle_log":2,"minecraft:cracked_polished_blackstone_bricks":2,"minecraft:oxeye_daisy":2,"minecraft:tuff_bricks":9,"minecraft:polished_blackstone_bricks":1,"minecraft:tall_seagrass":3,"minecraft:cobbled_deepslate":2,"minecraft:iron_ore":71,"minecraft:fire":4,"minecraft:polished_tuff":4,"minecraft:moss_carpet":4,"minecraft:deepslate_lapis_ore":2,"minecraft:azure_bluet":2,"minecraft:pointed_dripstone":8,"minecraft:cave_vines":2,"minecraft:pink_tulip":2,"minecraft:azalea":4,"minecraft:green_bed":1,"minecraft:deepslate_redstone_ore":11,"minecraft:red_bed":1,"minecraft:blackstone":1,"minecraft:medium_amethyst_bud":1,"minecraft:clay":2,"minecraft:torch":14,"minecraft:calcite":2,"minecraft:melon":6,"minecraft:cobblestone":49,"minecraft:waxed_chiseled_copper":1,"minecraft:sugar_cane":21,"minecraft:wall_torch":19,"minecraft:amethyst_block":1,"minecraft:cherry_slab":17,"minecraft:deepslate_copper_ore":4,"minecraft:pink_petals":192,"minecraft:seagrass":5,"minecraft:red_candle":2,"minecraft:acacia_sapling":2,"minecraft:birch_log":45,"minecraft:magenta_bed":1,"minecraft:wheat":37,"minecraft:birch_trapdoor":6,"minecraft:lilac":3,"minecraft:waxed_copper_block":2,"minecraft:stone_brick_stairs":1,"minecraft:smooth_stone_slab":1,"minecraft:oak_log":49,"minecraft:dark_oak_sapling":2,"minecraft:waxed_oxidized_copper":1,"minecraft:dirt":51,"minecraft:netherrack":3,"minecraft:oak_leaves":15,"minecraft:deepslate":50,"minecraft:tuff":11,"minecraft:candle":3,"minecraft:dark_oak_leaves":7,"minecraft:deepslate_diamond_ore":16,"minecraft:cherry_sapling":14,"minecraft:dark_oak_log":261,"minecraft:glow_lichen":1,"minecraft:ladder":5,"minecraft:decorated_pot":4,"minecraft:jungle_planks":4,"minecraft:redstone_wire":1,"minecraft:birch_slab":10,"minecraft:moss_block":15,"minecraft:furnace":1,"minecraft:carrots":20,"minecraft:andesite":1,"minecraft:peony":9,"minecraft:big_dripleaf_stem":1,"minecraft:potatoes":58,"minecraft:deepslate_iron_ore":85,"minecraft:vine":1,"minecraft:rail":116,"minecraft:lantern":1,"minecraft:bamboo":11,"minecraft:stone":178,"minecraft:cherry_stairs":6,"minecraft:white_wool":2,"minecraft:podzol":1,"minecraft:birch_stairs":4,"minecraft:acacia_leaves":3,"minecraft:flowering_azalea":17,"minecraft:cherry_planks":2,"minecraft:lily_of_the_valley":2,"minecraft:dandelion":4,"minecraft:oak_fence":1,"minecraft:crafting_table":8,"minecraft:cornflower":1,"minecraft:short_grass":184,"minecraft:tall_grass":40,"minecraft:copper_ore":1,"minecraft:deepslate_gold_ore":27,"minecraft:lapis_ore":2,"minecraft:diorite":13,"minecraft:birch_planks":24,"minecraft:waxed_oxidized_copper_grate":1,"minecraft:birch_leaves":1,"minecraft:yellow_bed":5,"minecraft:coal_ore":60,"minecraft:cocoa":2,"minecraft:cherry_leaves":13,"minecraft:flower_pot":1,"minecraft:sunflower":13,"minecraft:gravel":2,"minecraft:dripstone_block":6,"minecraft:acacia_planks":2,"minecraft:fern":13},"minecraft:crafted":{"minecraft:oak_planks":116,"minecraft:cherry_slab":24,"minecraft:cooked_chicken":2,"minecraft:birch_slab":42,"minecraft:cherry_boat":1,"minecraft:stone":33,"minecraft:cooked_mutton":31,"minecraft:iron_boots":1,"minecraft:stone_bricks":32,"minecraft:cherry_fence":12,"minecraft:cooked_porkchop":9,"minecraft:crafting_table":1,"minecraft:wooden_pickaxe":1,"minecraft:baked_potato":59,"minecraft:birch_planks":172,"minecraft:stone_brick_stairs":8,"minecraft:iron_chestplate":3,"minecraft:shield":3,"minecraft:stick":88,"minecraft:iron_pickaxe":3,"minecraft:iron_ingot":96,"minecraft:gold_ingot":26,"minecraft:birch_stairs":24,"minecraft:shears":1,"minecraft:golden_carrot":19,"minecraft:cherry_planks":400,"minecraft:wooden_sword":1,"minecraft:stone_brick_wall":18,"minecraft:iron_nugget":126,"minecraft:furnace":1,"minecraft:bone_meal":108,"minecraft:cherry_trapdoor":60,"minecraft:lantern":14,"minecraft:iron_axe":2,"minecraft:ladder":6,"minecraft:iron_hoe":1,"minecraft:cherry_stairs":48,"minecraft:stone_pickaxe":1,"minecraft:dark_oak_planks":16,"minecraft:iron_sword":4,"minecraft:cooked_salmon":3,"minecraft:air":0,"minecraft:jungle_planks":4,"minecraft:gold_nugget":162,"minecraft:wooden_axe":1,"minecraft:birch_trapdoor":14,"minecraft:iron_leggings":1,"minecraft:iron_shovel":1,"minecraft:cherry_door":3,"minecraft:white_bed":1,"minecraft:acacia_planks":116,"minecraft:torch":260},"minecraft:killed_by":{"minecraft:piglin_brute":3,"minecraft:pillager":1,"minecraft:magma_cube":5,"minecraft:piglin":1,"minecraft:zombie":9,"minecraft:player":4,"minecraft:skeleton":2},"minecraft:dropped":{"minecraft:iron_sword":5,"minecraft:moss_block":10,"minecraft:oak_log":3,"minecraft:baked_potato":9,"minecraft:dark_oak_sapling":34,"minecraft:crafting_table":2,"minecraft:cooked_porkchop":4,"minecraft:glow_berries":13,"minecraft:honeycomb":5,"minecraft:rail":192,"minecraft:birch_slab":8,"minecraft:emerald":1,"minecraft:dirt":8,"minecraft:red_bed":1,"minecraft:dark_oak_log":241,"minecraft:cherry_trapdoor":2,"minecraft:cornflower":4,"minecraft:mutton":17,"minecraft:axolotl_bucket":1,"minecraft:birch_log":1,"minecraft:white_wool":1,"minecraft:bone":11,"minecraft:cherry_boat":1,"minecraft:cooked_chicken":2,"minecraft:cobbled_deepslate":9,"minecraft:pointed_dripstone":5,"minecraft:cherry_sapling":1,"minecraft:rotten_flesh":9,"minecraft:oak_planks":33,"minecraft:cooked_mutton":3,"minecraft:white_bed":1,"minecraft:carrot":1,"minecraft:waxed_copper_block":1,"minecraft:salmon":2,"minecraft:poppy":4,"minecraft:gunpowder":6,"minecraft:beetroot_seeds":4,"minecraft:lingering_potion":1,"minecraft:jungle_log":1,"minecraft:azalea":4,"minecraft:acacia_sapling":2,"minecraft:ladder":1,"minecraft:arrow":1,"minecraft:glass":1,"minecraft:beef":2,"minecraft:stone_brick_stairs":5,"minecraft:enchanted_book":1,"minecraft:water_bucket":1,"minecraft:stone_hoe":1,"minecraft:golden_boots":1,"minecraft:iron_ingot":57,"minecraft:wheat_seeds":62,"minecraft:dripstone_block":2,"minecraft:activator_rail":3,"minecraft:tropical_fish":2,"minecraft:grass_block":1,"minecraft:coal":1,"minecraft:stick":13,"minecraft:magenta_bed":2,"minecraft:oxeye_daisy":2,"minecraft:golden_carrot":9,"minecraft:torch":22,"minecraft:melon_slice":34,"minecraft:cherry_planks":36,"minecraft:waxed_oxidized_copper":1,"minecraft:potion":1,"minecraft:iron_leggings":1,"minecraft:golden_hoe":1,"minecraft:flowering_azalea":18,"minecraft:iron_axe":1,"minecraft:iron_shovel":2,"minecraft:string":6,"minecraft:pink_petals":6,"minecraft:acacia_planks":3,"minecraft:redstone":46,"minecraft:furnace":2,"minecraft:moss_carpet":4,"minecraft:cocoa_beans":3,"minecraft:raw_copper":20,"minecraft:smooth_stone_slab":1,"minecraft:green_bed":1,"minecraft:raw_iron":64,"minecraft:clay_ball":20,"minecraft:pumpkin_seeds":2,"minecraft:flint_and_steel":1,"minecraft:stone":1,"minecraft:shield":2,"minecraft:iron_chestplate":3,"minecraft:spider_eye":5,"minecraft:stone_bricks":2,"minecraft:bamboo":100,"minecraft:wooden_pickaxe":1,"minecraft:raw_gold":27},"minecraft:used":{"minecraft:moss_block":28,"minecraft:cherry_sapling":96,"minecraft:iron_shovel":246,"minecraft:ladder":11,"minecraft:poppy":2,"minecraft:shield":125,"minecraft:iron_sword":585,"minecraft:rotten_flesh":10,"minecraft:mutton":9,"minecraft:jungle_planks":8,"minecraft:carrot":33,"minecraft:acacia_sapling":4,"minecraft:axolotl_bucket":3,"minecraft:glass":13,"minecraft:lantern":19,"minecraft:grass_block":2,"minecraft:birch_sapling":5,"minecraft:stone_brick_stairs":4,"minecraft:golden_sword":5,"minecraft:birch_trapdoor":20,"minecraft:furnace":1,"minecraft:egg":8,"minecraft:potato":114,"minecraft:dark_oak_sapling":36,"minecraft:oak_planks":31,"minecraft:stone_pickaxe":99,"minecraft:wooden_pickaxe":40,"minecraft:sugar_cane":31,"minecraft:white_wool":19,"minecraft:glow_berries":2,"minecraft:golden_hoe":50,"minecraft:stone_brick_wall":16,"minecraft:dark_oak_log":30,"minecraft:birch_slab":38,"minecraft:bread":3,"minecraft:wooden_sword":43,"minecraft:andesite":1,"minecraft:bone_meal":86,"minecraft:oak_fence":1,"minecraft:cherry_boat":1,"minecraft:redstone":1,"minecraft:cooked_salmon":3,"minecraft:stone_hoe":4,"minecraft:cooked_chicken":5,"minecraft:torch":192,"minecraft:dirt":296,"minecraft:iron_hoe":39,"minecraft:wooden_axe":51,"minecraft:iron_axe":798,"minecraft:cherry_slab":28,"minecraft:cherry_trapdoor":81,"minecraft:bamboo":54,"minecraft:light_gray_wool":1,"minecraft:golden_carrot":18,"minecraft:acacia_planks":90,"minecraft:cherry_fence":12,"minecraft:cobbled_deepslate":7,"minecraft:cherry_log":38,"minecraft:golden_axe":6,"minecraft:calcite":2,"minecraft:wheat_seeds":12,"minecraft:cooked_mutton":28,"minecraft:water_bucket":59,"minecraft:birch_planks":37,"minecraft:baked_potato":69,"minecraft:cherry_planks":66,"minecraft:green_bed":2,"minecraft:salmon":1,"minecraft:crafting_table":10,"minecraft:white_bed":5,"minecraft:oak_log":4,"minecraft:oxeye_daisy":1,"minecraft:cherry_door":1,"minecraft:sunflower":11,"minecraft:chicken":2,"minecraft:iron_pickaxe":623,"minecraft:pink_petals":1561,"minecraft:potion":2,"minecraft:cobblestone":135,"minecraft:cherry_stairs":54,"minecraft:porkchop":4,"minecraft:cooked_porkchop":6,"minecraft:bucket":65,"minecraft:glass_pane":14,"minecraft:yellow_bed":5,"minecraft:dandelion":2,"minecraft:birch_stairs":28},"minecraft:custom":{"minecraft:animals_bred":11,"minecraft:open_barrel":2,"minecraft:interact_with_crafting_table":101,"minecraft:bell_ring":2,"minecraft:leave_game":4,"minecraft:time_since_death":16124,"minecraft:sprint_one_cm":1732123,"minecraft:damage_blocked_by_shield":3799,"minecraft:drop":184,"minecraft:talked_to_villager":1,"minecraft:play_time":491365,"minecraft:deaths":37,"minecraft:jump":12293,"minecraft:walk_on_water_one_cm":108890,"minecraft:interact_with_furnace":108,"minecraft:sleep_in_bed":22,"minecraft:damage_dealt":34169,"minecraft:player_kills":6,"minecraft:crouch_one_cm":89705,"minecraft:inspect_dispenser":8,"minecraft:mob_kills":228,"minecraft:climb_one_cm":10819,"minecraft:walk_one_cm":846935,"minecraft:sneak_time":29764,"minecraft:walk_under_water_one_cm":25785,"minecraft:boat_one_cm":24121,"minecraft:total_world_time":491365,"minecraft:time_since_rest":5662,"minecraft:damage_taken":14416,"minecraft:swim_one_cm":101862,"minecraft:fly_one_cm":2666757,"minecraft:open_chest":257,"minecraft:fall_one_cm":381598},"minecraft:killed":{"minecraft:spider":8,"minecraft:skeleton":42,"minecraft:chicken":4,"minecraft:magma_cube":21,"minecraft:piglin":7,"minecraft:pig":4,"minecraft:zombie_villager":1,"minecraft:salmon":7,"minecraft:creeper":2,"minecraft:sheep":30,"minecraft:pillager":2,"minecraft:zombie":79,"minecraft:cow":1,"minecraft:armadillo":1,"minecraft:breeze":7,"minecraft:enderman":1},"minecraft:picked_up":{"minecraft:iron_chestplate":1,"minecraft:wheat":13,"minecraft:potion":4,"minecraft:stone_brick_stairs":1,"minecraft:golden_sword":2,"minecraft:amethyst_block":1,"minecraft:red_candle":7,"minecraft:string":9,"minecraft:raw_copper":20,"minecraft:cooked_salmon":1,"minecraft:smooth_stone_slab":2,"minecraft:iron_leggings":1,"minecraft:cherry_boat":1,"minecraft:cobbled_deepslate":37,"minecraft:trial_key":4,"minecraft:calcite":4,"minecraft:azalea":4,"minecraft:melon_slice":34,"minecraft:iron_boots":1,"minecraft:furnace":2,"minecraft:stick":28,"minecraft:birch_trapdoor":6,"minecraft:oak_fence":1,"minecraft:green_bed":2,"minecraft:torch":41,"minecraft:acacia_log":29,"minecraft:porkchop":4,"minecraft:cherry_log":144,"minecraft:pointed_dripstone":10,"minecraft:diorite":1,"minecraft:rotten_flesh":70,"minecraft:tropical_fish":2,"minecraft:cobblestone":199,"minecraft:birch_log":44,"minecraft:pink_petals":1283,"minecraft:feather":3,"minecraft:lilac":1,"minecraft:cherry_planks":32,"minecraft:birch_slab":11,"minecraft:water_bucket":2,"minecraft:andesite":1,"minecraft:jungle_log":2,"minecraft:potato":229,"minecraft:flint":1,"minecraft:magenta_bed":2,"minecraft:lantern":5,"minecraft:lapis_lazuli":18,"minecraft:dirt":325,"minecraft:bone":42,"minecraft:acacia_planks":5,"minecraft:bow":1,"minecraft:wheat_seeds":136,"minecraft:raw_gold":27,"minecraft:diamond_helmet":1,"minecraft:bamboo":107,"minecraft:moss_block":15,"minecraft:cooked_porkchop":2,"minecraft:poisonous_potato":3,"minecraft:jungle_planks":4,"minecraft:dark_oak_log":307,"minecraft:diamond":17,"minecraft:waxed_oxidized_copper_grate":1,"minecraft:cracked_polished_blackstone_bricks":4,"minecraft:breeze_rod":9,"minecraft:granite":2,"minecraft:bread":3,"minecraft:emerald":1,"minecraft:oak_sapling":2,"minecraft:cherry_slab":15,"minecraft:netherrack":15,"minecraft:lingering_potion":1,"minecraft:cocoa_beans":3,"minecraft:crafting_table":12,"minecraft:azure_bluet":2,"minecraft:ominous_bottle":2,"minecraft:chicken":4,"minecraft:ladder":6,"minecraft:clay_ball":20,"minecraft:brick":8,"minecraft:cornflower":6,"minecraft:red_bed":1,"minecraft:moss_carpet":4,"minecraft:iron_shovel":2,"minecraft:blackstone":2,"minecraft:candle":6,"minecraft:beef":2,"minecraft:light_gray_wool":1,"minecraft:poppy":6,"minecraft:sugar_cane":31,"minecraft:birch_sapling":5,"minecraft:waxed_oxidized_copper":2,"minecraft:cherry_trapdoor":23,"minecraft:egg":9,"minecraft:dark_oak_sapling":36,"minecraft:raw_iron":158,"minecraft:cherry_stairs":6,"minecraft:polished_blackstone_bricks":3,"minecraft:carrot":82,"minecraft:redstone":47,"minecraft:diamond_chestplate":1,"minecraft:arrow":66,"minecraft:peony":9,"minecraft:tuff_bricks":7,"minecraft:glow_berries":11,"minecraft:mutton":42,"minecraft:white_wool":29,"minecraft:rail":178,"minecraft:oxeye_daisy":5,"minecraft:salmon":7,"minecraft:yellow_dye":1,"minecraft:birch_planks":24,"minecraft:oak_log":45,"minecraft:waxed_copper_block":4,"minecraft:golden_boots":2,"minecraft:yellow_bed":6,"minecraft:gunpowder":8,"minecraft:apple":2,"minecraft:stone_bricks":2,"minecraft:iron_ingot":1,"minecraft:cooked_chicken":5,"minecraft:flowering_azalea":18,"minecraft:iron_sword":2,"minecraft:acacia_sapling":4,"minecraft:stone_brick_slab":1,"minecraft:dandelion":14,"minecraft:dripstone_block":6,"minecraft:gravel":1,"minecraft:birch_stairs":4,"minecraft:white_bed":6,"minecraft:spider_eye":6,"minecraft:iron_helmet":1,"minecraft:cherry_sapling":32,"minecraft:baked_potato":19,"minecraft:black_wool":3,"minecraft:coal":70,"minecraft:sunflower":11}},"DataVersion":3953}