{"stats":{"minecraft:crafted":{"minecraft:cherry_planks":276,"minecraft:furnace":1,"minecraft:cooked_mutton":2,"minecraft:iron_boots":1,"minecraft:stone_pickaxe":1,"minecraft:golden_boots":1,"minecraft:crimson_planks":4,"minecraft:cooked_porkchop":1,"minecraft:crafting_table":4,"minecraft:wooden_pickaxe":1,"minecraft:iron_helmet":2,"minecraft:stone_axe":1,"minecraft:air":0,"minecraft:iron_chestplate":1,"minecraft:shield":3,"minecraft:stick":20,"minecraft:iron_ingot":57,"minecraft:iron_pickaxe":1,"minecraft:wooden_axe":1,"minecraft:stone_sword":2,"minecraft:gold_ingot":24,"minecraft:iron_leggings":3,"minecraft:torch":52},"minecraft:picked_up":{"minecraft:crafting_table":2,"minecraft:leather_leggings":1,"minecraft:wooden_pickaxe":1,"minecraft:potion":1,"minecraft:nether_brick":9,"minecraft:soul_soil":1,"minecraft:iron_leggings":1,"minecraft:shroomlight":10,"minecraft:gold_nugget":249,"minecraft:cobbled_deepslate":2,"minecraft:poppy":1,"minecraft:enchanted_golden_apple":2,"minecraft:deepslate_tile_wall":1,"minecraft:iron_boots":1,"minecraft:furnace":2,"minecraft:stick":10,"minecraft:raw_iron":66,"minecraft:torch":3,"minecraft:fire_charge":2,"minecraft:porkchop":9,"minecraft:cherry_log":76,"minecraft:weeping_vines":3,"minecraft:arrow":7,"minecraft:rotten_flesh":6,"minecraft:deepslate_bricks":3,"minecraft:hay_block":1,"minecraft:gold_ingot":4,"minecraft:obsidian":6,"minecraft:mutton":2,"minecraft:white_wool":2,"minecraft:cobblestone":52,"minecraft:pink_petals":113,"minecraft:leather_chestplate":1,"minecraft:feather":1,"minecraft:basalt":1,"minecraft:cherry_planks":2,"minecraft:crimson_stem":5,"minecraft:water_bucket":1,"minecraft:salmon":7,"minecraft:leather":4,"minecraft:crimson_fungus":1,"minecraft:golden_boots":2,"minecraft:nether_wart_block":2,"minecraft:gunpowder":1,"minecraft:lapis_lazuli":16,"minecraft:dirt":30,"minecraft:bone":5,"minecraft:wheat_seeds":8,"minecraft:iron_ingot":4,"minecraft:glowstone_dust":60,"minecraft:soul_sand":4,"minecraft:quartz":25,"minecraft:gravel":79,"minecraft:crying_obsidian":3,"minecraft:spectral_arrow":30,"minecraft:cherry_sapling":4,"minecraft:bread":39,"minecraft:netherrack":35,"minecraft:coal":49,"minecraft:crimson_roots":5,"minecraft:ender_pearl":4,"minecraft:sunflower":2},"minecraft:killed":{"minecraft:skeleton":8,"minecraft:silverfish":3,"minecraft:piglin":9,"minecraft:pig":1,"minecraft:salmon":7,"minecraft:strider":1,"minecraft:hoglin":2,"minecraft:creeper":1,"minecraft:sheep":2,"minecraft:zombie":3},"minecraft:dropped":{"minecraft:golden_boots":1,"minecraft:iron_ingot":12,"minecraft:wheat_seeds":6,"minecraft:weeping_vines":1,"minecraft:iron_helmet":1,"minecraft:feather":1,"minecraft:deepslate_tile_wall":1,"minecraft:leather":1,"minecraft:stick":2,"minecraft:torch":1,"minecraft:crimson_roots":2,"minecraft:iron_leggings":2,"minecraft:gold_nugget":29,"minecraft:sunflower":2,"minecraft:pink_petals":33,"minecraft:gold_ingot":24,"minecraft:cobbled_deepslate":2,"minecraft:nether_brick":7,"minecraft:obsidian":1,"minecraft:raw_iron":9,"minecraft:cherry_sapling":4,"minecraft:rotten_flesh":6,"minecraft:iron_boots":1,"minecraft:enchanted_golden_apple":2,"minecraft:poppy":1,"minecraft:leather_chestplate":1,"minecraft:hay_block":1,"minecraft:shield":2,"minecraft:gunpowder":1,"minecraft:oak_sapling":4,"minecraft:leather_leggings":1,"minecraft:wooden_pickaxe":2,"minecraft:crying_obsidian":1,"minecraft:quartz":11},"minecraft:killed_by":{"minecraft:piglin":1,"minecraft:warden":7,"minecraft:skeleton":1},"minecraft:mined":{"minecraft:nether_gold_ore":56,"minecraft:sculk_vein":2,"minecraft:cherry_log":78,"minecraft:deepslate_tile_wall":1,"minecraft:crimson_roots":4,"minecraft:weeping_vines":1,"minecraft:soul_soil":1,"minecraft:crimson_stem":6,"minecraft:weeping_vines_plant":1,"minecraft:magma_block":1,"minecraft:glowstone":22,"minecraft:furnace":2,"minecraft:iron_ore":60,"minecraft:fire":8,"minecraft:deepslate_iron_ore":5,"minecraft:shroomlight":12,"minecraft:packed_ice":1,"minecraft:stone":36,"minecraft:cherry_planks":2,"minecraft:basalt":1,"minecraft:crafting_table":2,"minecraft:torch":1,"minecraft:short_grass":5,"minecraft:sculk_sensor":3,"minecraft:nether_quartz_ore":2,"minecraft:cobblestone":1,"minecraft:sculk":8,"minecraft:wall_torch":1,"minecraft:pink_petals":3,"minecraft:birch_planks":1,"minecraft:nether_wart_block":2,"minecraft:coal_ore":29,"minecraft:cherry_leaves":5,"minecraft:gravel":6,"minecraft:netherrack":38,"minecraft:deepslate":1},"minecraft:broken":{"minecraft:golden_boots":1,"minecraft:stone_sword":1,"minecraft:stone_pickaxe":1,"minecraft:stone_axe":1,"minecraft:iron_helmet":1},"minecraft:custom":{"minecraft:mob_kills":40,"minecraft:interact_with_crafting_table":29,"minecraft:leave_game":5,"minecraft:time_since_death":13378,"minecraft:climb_one_cm":2953,"minecraft:sprint_one_cm":357826,"minecraft:walk_one_cm":207986,"minecraft:damage_blocked_by_shield":1088,"minecraft:drop":75,"minecraft:talked_to_villager":3,"minecraft:play_time":170894,"minecraft:sneak_time":44385,"minecraft:deaths":14,"minecraft:walk_under_water_one_cm":3682,"minecraft:jump":3265,"minecraft:walk_on_water_one_cm":7875,"minecraft:total_world_time":170894,"minecraft:interact_with_furnace":43,"minecraft:sleep_in_bed":3,"minecraft:time_since_rest":13498,"minecraft:damage_taken":5413,"minecraft:damage_dealt":6031,"minecraft:swim_one_cm":12510,"minecraft:fly_one_cm":562124,"minecraft:open_chest":7,"minecraft:crouch_one_cm":181480,"minecraft:fall_one_cm":120806},"minecraft:used":{"minecraft:stone_sword":136,"minecraft:shield":40,"minecraft:netherrack":3,"minecraft:torch":54,"minecraft:dirt":30,"minecraft:wooden_axe":4,"minecraft:crimson_planks":4,"minecraft:basalt":1,"minecraft:soul_soil":1,"minecraft:furnace":3,"minecraft:cherry_log":7,"minecraft:cooked_mutton":2,"minecraft:water_bucket":18,"minecraft:leather_leggings":1,"minecraft:stone_pickaxe":132,"minecraft:ender_pearl":1,"minecraft:wooden_pickaxe":6,"minecraft:cherry_planks":225,"minecraft:white_wool":2,"minecraft:salmon":7,"minecraft:crafting_table":6,"minecraft:bread":39,"minecraft:iron_pickaxe":109,"minecraft:gravel":43,"minecraft:stone_axe":111,"minecraft:nether_wart_block":2,"minecraft:cobblestone":27,"minecraft:porkchop":8,"minecraft:cooked_porkchop":1,"minecraft:bucket":18}},"DataVersion":3839}