{"stats":{"minecraft:broken":{"minecraft:iron_boots":1,"minecraft:iron_chestplate":1,"minecraft:golden_leggings":1,"minecraft:golden_sword":1,"minecraft:wooden_axe":1,"minecraft:iron_axe":2,"minecraft:iron_helmet":1},"minecraft:mined":{"minecraft:white_bed":2,"minecraft:farmland":3,"minecraft:cherry_log":147,"minecraft:cherry_trapdoor":23,"minecraft:granite":2,"minecraft:acacia_log":27,"minecraft:grass_block":197,"minecraft:cracked_polished_blackstone_bricks":2,"minecraft:oxeye_daisy":2,"minecraft:polished_blackstone_bricks":1,"minecraft:iron_ore":55,"minecraft:fire":4,"minecraft:azure_bluet":2,"minecraft:pointed_dripstone":4,"minecraft:pink_tulip":2,"minecraft:blackstone":1,"minecraft:torch":1,"minecraft:calcite":2,"minecraft:cobblestone":48,"minecraft:sugar_cane":21,"minecraft:wall_torch":2,"minecraft:cherry_slab":17,"minecraft:pink_petals":192,"minecraft:birch_log":45,"minecraft:wheat":37,"minecraft:birch_trapdoor":6,"minecraft:lilac":3,"minecraft:stone_brick_stairs":1,"minecraft:smooth_stone_slab":1,"minecraft:oak_log":49,"minecraft:dirt":51,"minecraft:netherrack":3,"minecraft:oak_leaves":15,"minecraft:deepslate":4,"minecraft:dark_oak_leaves":7,"minecraft:cherry_sapling":14,"minecraft:dark_oak_log":259,"minecraft:glow_lichen":1,"minecraft:ladder":5,"minecraft:birch_slab":10,"minecraft:furnace":1,"minecraft:carrots":20,"minecraft:andesite":1,"minecraft:peony":9,"minecraft:potatoes":50,"minecraft:deepslate_iron_ore":8,"minecraft:lantern":1,"minecraft:stone":154,"minecraft:cherry_stairs":6,"minecraft:white_wool":2,"minecraft:birch_stairs":4,"minecraft:acacia_leaves":3,"minecraft:cherry_planks":2,"minecraft:lily_of_the_valley":2,"minecraft:dandelion":4,"minecraft:oak_fence":1,"minecraft:crafting_table":5,"minecraft:cornflower":1,"minecraft:short_grass":112,"minecraft:tall_grass":37,"minecraft:copper_ore":1,"minecraft:lapis_ore":2,"minecraft:diorite":13,"minecraft:birch_planks":24,"minecraft:birch_leaves":1,"minecraft:yellow_bed":4,"minecraft:coal_ore":34,"minecraft:cherry_leaves":13,"minecraft:sunflower":13,"minecraft:gravel":1,"minecraft:dripstone_block":4},"minecraft:killed_by":{"minecraft:piglin_brute":3,"minecraft:pillager":1,"minecraft:magma_cube":5,"minecraft:piglin":1,"minecraft:zombie":2,"minecraft:player":3},"minecraft:custom":{"minecraft:animals_bred":11,"minecraft:interact_with_crafting_table":95,"minecraft:bell_ring":2,"minecraft:leave_game":3,"minecraft:time_since_death":66778,"minecraft:sprint_one_cm":1082781,"minecraft:damage_blocked_by_shield":1215,"minecraft:drop":101,"minecraft:talked_to_villager":1,"minecraft:play_time":336446,"minecraft:deaths":26,"minecraft:jump":8795,"minecraft:walk_on_water_one_cm":47438,"minecraft:interact_with_furnace":91,"minecraft:sleep_in_bed":16,"minecraft:damage_dealt":12964,"minecraft:player_kills":3,"minecraft:crouch_one_cm":68747,"minecraft:mob_kills":115,"minecraft:climb_one_cm":5396,"minecraft:walk_one_cm":585483,"minecraft:sneak_time":22342,"minecraft:walk_under_water_one_cm":17208,"minecraft:boat_one_cm":24121,"minecraft:total_world_time":336446,"minecraft:time_since_rest":10899,"minecraft:damage_taken":8967,"minecraft:swim_one_cm":81482,"minecraft:fly_one_cm":2096063,"minecraft:open_chest":164,"minecraft:fall_one_cm":284167},"minecraft:used":{"minecraft:cherry_sapling":95,"minecraft:iron_shovel":246,"minecraft:poppy":2,"minecraft:ladder":11,"minecraft:shield":25,"minecraft:iron_sword":224,"minecraft:rotten_flesh":3,"minecraft:mutton":9,"minecraft:carrot":33,"minecraft:glass":13,"minecraft:lantern":19,"minecraft:grass_block":2,"minecraft:birch_sapling":5,"minecraft:stone_brick_stairs":4,"minecraft:birch_trapdoor":20,"minecraft:golden_sword":5,"minecraft:furnace":1,"minecraft:egg":8,"minecraft:potato":106,"minecraft:stone_pickaxe":99,"minecraft:oak_planks":31,"minecraft:wooden_pickaxe":40,"minecraft:sugar_cane":31,"minecraft:white_wool":19,"minecraft:golden_hoe":36,"minecraft:stone_brick_wall":16,"minecraft:birch_slab":38,"minecraft:wooden_sword":43,"minecraft:andesite":1,"minecraft:bone_meal":61,"minecraft:oak_fence":1,"minecraft:cherry_boat":1,"minecraft:cooked_salmon":3,"minecraft:stone_hoe":4,"minecraft:cooked_chicken":1,"minecraft:torch":45,"minecraft:dirt":282,"minecraft:iron_hoe":39,"minecraft:wooden_axe":51,"minecraft:iron_axe":656,"minecraft:cherry_slab":28,"minecraft:cherry_trapdoor":81,"minecraft:light_gray_wool":1,"minecraft:golden_carrot":4,"minecraft:cherry_fence":12,"minecraft:cherry_log":38,"minecraft:golden_axe":6,"minecraft:calcite":2,"minecraft:wheat_seeds":12,"minecraft:cooked_mutton":28,"minecraft:water_bucket":39,"minecraft:birch_planks":37,"minecraft:baked_potato":39,"minecraft:cherry_planks":66,"minecraft:salmon":1,"minecraft:crafting_table":6,"minecraft:white_bed":2,"minecraft:oak_log":4,"minecraft:oxeye_daisy":1,"minecraft:cherry_door":1,"minecraft:sunflower":11,"minecraft:chicken":2,"minecraft:iron_pickaxe":214,"minecraft:pink_petals":1557,"minecraft:cobblestone":70,"minecraft:cherry_stairs":54,"minecraft:cooked_porkchop":5,"minecraft:porkchop":4,"minecraft:bucket":41,"minecraft:glass_pane":14,"minecraft:yellow_bed":5,"minecraft:dandelion":2,"minecraft:birch_stairs":28},"minecraft:crafted":{"minecraft:oak_planks":116,"minecraft:cherry_slab":24,"minecraft:cooked_chicken":2,"minecraft:birch_slab":42,"minecraft:cherry_boat":1,"minecraft:stone":33,"minecraft:cooked_mutton":31,"minecraft:iron_boots":1,"minecraft:stone_bricks":32,"minecraft:cherry_fence":12,"minecraft:cooked_porkchop":9,"minecraft:crafting_table":1,"minecraft:baked_potato":56,"minecraft:wooden_pickaxe":1,"minecraft:birch_planks":172,"minecraft:stone_brick_stairs":8,"minecraft:iron_chestplate":2,"minecraft:shield":2,"minecraft:stick":52,"minecraft:iron_pickaxe":1,"minecraft:iron_ingot":68,"minecraft:gold_ingot":26,"minecraft:birch_stairs":24,"minecraft:shears":1,"minecraft:golden_carrot":19,"minecraft:cherry_planks":400,"minecraft:wooden_sword":1,"minecraft:stone_brick_wall":18,"minecraft:iron_nugget":126,"minecraft:furnace":1,"minecraft:bone_meal":72,"minecraft:cherry_trapdoor":60,"minecraft:lantern":14,"minecraft:iron_axe":2,"minecraft:ladder":6,"minecraft:iron_hoe":1,"minecraft:cherry_stairs":48,"minecraft:stone_pickaxe":1,"minecraft:iron_sword":4,"minecraft:cooked_salmon":3,"minecraft:air":0,"minecraft:gold_nugget":162,"minecraft:wooden_axe":1,"minecraft:birch_trapdoor":14,"minecraft:iron_shovel":1,"minecraft:cherry_door":3,"minecraft:white_bed":1,"minecraft:torch":120},"minecraft:dropped":{"minecraft:iron_sword":4,"minecraft:oak_log":3,"minecraft:baked_potato":9,"minecraft:crafting_table":1,"minecraft:cooked_porkchop":4,"minecraft:birch_slab":8,"minecraft:dirt":5,"minecraft:dark_oak_log":3,"minecraft:cherry_trapdoor":2,"minecraft:cornflower":4,"minecraft:mutton":11,"minecraft:white_wool":1,"minecraft:cooked_chicken":1,"minecraft:cobbled_deepslate":8,"minecraft:cherry_sapling":1,"minecraft:rotten_flesh":6,"minecraft:oak_planks":33,"minecraft:cooked_mutton":3,"minecraft:salmon":2,"minecraft:poppy":4,"minecraft:gunpowder":6,"minecraft:ladder":1,"minecraft:arrow":1,"minecraft:glass":1,"minecraft:stone_brick_stairs":5,"minecraft:water_bucket":1,"minecraft:stone_hoe":1,"minecraft:golden_boots":1,"minecraft:iron_ingot":49,"minecraft:wheat_seeds":62,"minecraft:grass_block":1,"minecraft:oxeye_daisy":2,"minecraft:golden_carrot":9,"minecraft:torch":21,"minecraft:cherry_planks":36,"minecraft:string":3,"minecraft:pink_petals":6,"minecraft:furnace":2,"minecraft:raw_copper":20,"minecraft:smooth_stone_slab":1,"minecraft:stone":1,"minecraft:shield":1,"minecraft:iron_chestplate":1,"minecraft:stone_bricks":2,"minecraft:spider_eye":5,"minecraft:wooden_pickaxe":1},"minecraft:picked_up":{"minecraft:wheat":13,"minecraft:stone_brick_stairs":1,"minecraft:golden_sword":2,"minecraft:string":5,"minecraft:raw_copper":20,"minecraft:cooked_salmon":1,"minecraft:smooth_stone_slab":2,"minecraft:iron_leggings":1,"minecraft:cherry_boat":1,"minecraft:cobbled_deepslate":14,"minecraft:calcite":4,"minecraft:iron_boots":1,"minecraft:furnace":2,"minecraft:stick":26,"minecraft:birch_trapdoor":6,"minecraft:oak_fence":1,"minecraft:torch":4,"minecraft:acacia_log":24,"minecraft:porkchop":4,"minecraft:cherry_log":141,"minecraft:pointed_dripstone":5,"minecraft:diorite":1,"minecraft:rotten_flesh":20,"minecraft:cobblestone":198,"minecraft:birch_log":44,"minecraft:pink_petals":1266,"minecraft:feather":3,"minecraft:lilac":1,"minecraft:cherry_planks":32,"minecraft:water_bucket":2,"minecraft:birch_slab":11,"minecraft:andesite":1,"minecraft:potato":201,"minecraft:flint":1,"minecraft:lapis_lazuli":18,"minecraft:dirt":311,"minecraft:lantern":5,"minecraft:bone":19,"minecraft:wheat_seeds":125,"minecraft:diamond_helmet":1,"minecraft:poisonous_potato":3,"minecraft:dark_oak_log":259,"minecraft:cracked_polished_blackstone_bricks":4,"minecraft:granite":2,"minecraft:oak_sapling":2,"minecraft:cherry_slab":15,"minecraft:netherrack":15,"minecraft:crafting_table":7,"minecraft:azure_bluet":2,"minecraft:chicken":4,"minecraft:ladder":6,"minecraft:cornflower":6,"minecraft:blackstone":2,"minecraft:beef":2,"minecraft:poppy":6,"minecraft:light_gray_wool":1,"minecraft:sugar_cane":31,"minecraft:birch_sapling":5,"minecraft:cherry_trapdoor":23,"minecraft:egg":9,"minecraft:dark_oak_sapling":34,"minecraft:raw_iron":65,"minecraft:cherry_stairs":6,"minecraft:polished_blackstone_bricks":3,"minecraft:carrot":81,"minecraft:arrow":23,"minecraft:diamond_chestplate":1,"minecraft:peony":9,"minecraft:mutton":42,"minecraft:white_wool":29,"minecraft:oxeye_daisy":5,"minecraft:salmon":7,"minecraft:yellow_dye":1,"minecraft:birch_planks":24,"minecraft:oak_log":45,"minecraft:golden_boots":2,"minecraft:yellow_bed":5,"minecraft:gunpowder":8,"minecraft:apple":2,"minecraft:stone_bricks":2,"minecraft:iron_ingot":1,"minecraft:iron_sword":1,"minecraft:acacia_sapling":1,"minecraft:stone_brick_slab":1,"minecraft:dandelion":14,"minecraft:dripstone_block":4,"minecraft:gravel":1,"minecraft:birch_stairs":4,"minecraft:white_bed":2,"minecraft:spider_eye":5,"minecraft:iron_helmet":1,"minecraft:cherry_sapling":31,"minecraft:baked_potato":4,"minecraft:black_wool":3,"minecraft:coal":44,"minecraft:sunflower":11},"minecraft:killed":{"minecraft:spider":5,"minecraft:skeleton":11,"minecraft:chicken":4,"minecraft:magma_cube":21,"minecraft:piglin":7,"minecraft:pig":4,"minecraft:salmon":7,"minecraft:creeper":2,"minecraft:sheep":30,"minecraft:pillager":2,"minecraft:zombie":15,"minecraft:cow":1}},"DataVersion":3953}