{"stats":{"minecraft:crafted":{"minecraft:cherry_planks":276,"minecraft:furnace":1,"minecraft:cooked_mutton":2,"minecraft:iron_boots":1,"minecraft:iron_axe":1,"minecraft:stone_pickaxe":1,"minecraft:golden_boots":1,"minecraft:crimson_planks":4,"minecraft:cooked_porkchop":1,"minecraft:crafting_table":4,"minecraft:wooden_pickaxe":1,"minecraft:iron_helmet":2,"minecraft:iron_sword":1,"minecraft:stone_axe":1,"minecraft:air":0,"minecraft:iron_chestplate":1,"minecraft:shield":3,"minecraft:stick":72,"minecraft:iron_ingot":68,"minecraft:iron_pickaxe":1,"minecraft:wooden_axe":1,"minecraft:stone_sword":2,"minecraft:gold_ingot":24,"minecraft:iron_leggings":3,"minecraft:torch":120},"minecraft:picked_up":{"minecraft:iron_chestplate":1,"minecraft:crafting_table":2,"minecraft:leather_leggings":1,"minecraft:wooden_pickaxe":1,"minecraft:enchanted_book":5,"minecraft:potion":1,"minecraft:nether_brick":9,"minecraft:amethyst_block":10,"minecraft:soul_soil":1,"minecraft:iron_leggings":5,"minecraft:shroomlight":11,"minecraft:gold_nugget":249,"minecraft:cobbled_deepslate":2,"minecraft:poppy":1,"minecraft:enchanted_golden_apple":3,"minecraft:deepslate_tile_wall":1,"minecraft:diamond_hoe":1,"minecraft:iron_boots":1,"minecraft:furnace":2,"minecraft:stick":12,"minecraft:raw_iron":87,"minecraft:torch":4,"minecraft:fire_charge":2,"minecraft:porkchop":10,"minecraft:cherry_log":76,"minecraft:weeping_vines":3,"minecraft:arrow":9,"minecraft:rotten_flesh":19,"minecraft:deepslate_bricks":3,"minecraft:hay_block":1,"minecraft:gold_ingot":4,"minecraft:obsidian":6,"minecraft:mutton":2,"minecraft:white_wool":5,"minecraft:cobblestone":68,"minecraft:pink_petals":113,"minecraft:leather_chestplate":1,"minecraft:feather":1,"minecraft:basalt":1,"minecraft:cherry_planks":29,"minecraft:crimson_stem":5,"minecraft:water_bucket":1,"minecraft:salmon":7,"minecraft:leather":4,"minecraft:potato":1,"minecraft:birch_planks":2,"minecraft:crimson_fungus":1,"minecraft:golden_boots":2,"minecraft:nether_wart_block":2,"minecraft:gunpowder":1,"minecraft:lapis_lazuli":16,"minecraft:dirt":49,"minecraft:bone":5,"minecraft:wheat_seeds":9,"minecraft:raw_gold":17,"minecraft:iron_ingot":5,"minecraft:glowstone_dust":60,"minecraft:soul_sand":4,"minecraft:sculk_catalyst":4,"minecraft:cooked_porkchop":10,"minecraft:quartz":25,"minecraft:gravel":79,"minecraft:crying_obsidian":3,"minecraft:spectral_arrow":30,"minecraft:diamond":2,"minecraft:soul_lantern":1,"minecraft:iron_helmet":1,"minecraft:cherry_sapling":4,"minecraft:emerald":4,"minecraft:bread":39,"minecraft:netherrack":35,"minecraft:coal":92,"minecraft:crimson_roots":5,"minecraft:ender_pearl":4,"minecraft:sunflower":2},"minecraft:killed":{"minecraft:skeleton":9,"minecraft:silverfish":3,"minecraft:piglin":9,"minecraft:pig":1,"minecraft:salmon":7,"minecraft:strider":1,"minecraft:hoglin":2,"minecraft:creeper":1,"minecraft:sheep":2,"minecraft:zombie":11},"minecraft:dropped":{"minecraft:golden_boots":1,"minecraft:iron_ingot":12,"minecraft:birch_planks":2,"minecraft:porkchop":1,"minecraft:wheat_seeds":9,"minecraft:diamond":2,"minecraft:weeping_vines":1,"minecraft:iron_helmet":1,"minecraft:feather":1,"minecraft:cobblestone":16,"minecraft:amethyst_block":5,"minecraft:deepslate_tile_wall":1,"minecraft:leather":1,"minecraft:coal":69,"minecraft:stick":2,"minecraft:torch":33,"minecraft:crimson_roots":2,"minecraft:cherry_planks":1,"minecraft:iron_leggings":2,"minecraft:gold_nugget":29,"minecraft:sunflower":2,"minecraft:pink_petals":61,"minecraft:white_wool":3,"minecraft:gold_ingot":24,"minecraft:cobbled_deepslate":2,"minecraft:nether_brick":9,"minecraft:soul_lantern":1,"minecraft:obsidian":1,"minecraft:raw_iron":9,"minecraft:cherry_sapling":4,"minecraft:rotten_flesh":18,"minecraft:iron_boots":1,"minecraft:enchanted_golden_apple":2,"minecraft:poppy":1,"minecraft:leather_chestplate":1,"minecraft:potato":1,"minecraft:hay_block":1,"minecraft:shield":2,"minecraft:gunpowder":1,"minecraft:oak_sapling":4,"minecraft:leather_leggings":1,"minecraft:wooden_pickaxe":2,"minecraft:crying_obsidian":1,"minecraft:quartz":13},"minecraft:killed_by":{"minecraft:player":1,"minecraft:piglin":1,"minecraft:warden":19,"minecraft:skeleton":1},"minecraft:mined":{"minecraft:nether_gold_ore":56,"minecraft:deepslate_diamond_ore":1,"minecraft:sculk_vein":2,"minecraft:cherry_log":78,"minecraft:deepslate_tile_wall":1,"minecraft:crimson_roots":4,"minecraft:weeping_vines":1,"minecraft:soul_soil":1,"minecraft:crimson_stem":6,"minecraft:weeping_vines_plant":1,"minecraft:magma_block":1,"minecraft:glowstone":22,"minecraft:furnace":2,"minecraft:iron_ore":64,"minecraft:fire":8,"minecraft:sculk_shrieker":11,"minecraft:deepslate_iron_ore":5,"minecraft:shroomlight":12,"minecraft:packed_ice":1,"minecraft:stone":44,"minecraft:cherry_planks":2,"minecraft:basalt":1,"minecraft:crafting_table":2,"minecraft:torch":2,"minecraft:short_grass":6,"minecraft:emerald_ore":4,"minecraft:sculk_sensor":17,"minecraft:nether_quartz_ore":2,"minecraft:cobblestone":2,"minecraft:sculk":15,"minecraft:wall_torch":1,"minecraft:amethyst_block":5,"minecraft:pink_petals":4,"minecraft:birch_planks":1,"minecraft:nether_wart_block":2,"minecraft:coal_ore":72,"minecraft:cherry_leaves":5,"minecraft:gravel":6,"minecraft:dirt":1,"minecraft:netherrack":38,"minecraft:deepslate":1},"minecraft:broken":{"minecraft:golden_boots":1,"minecraft:stone_sword":2,"minecraft:stone_pickaxe":1,"minecraft:stone_axe":1,"minecraft:iron_helmet":1},"minecraft:custom":{"minecraft:mob_kills":50,"minecraft:interact_with_crafting_table":35,"minecraft:leave_game":5,"minecraft:time_since_death":1141,"minecraft:climb_one_cm":3013,"minecraft:sprint_one_cm":473195,"minecraft:walk_one_cm":311698,"minecraft:damage_blocked_by_shield":1253,"minecraft:drop":94,"minecraft:talked_to_villager":3,"minecraft:play_time":238184,"minecraft:sneak_time":62380,"minecraft:deaths":30,"minecraft:walk_under_water_one_cm":14222,"minecraft:jump":4301,"minecraft:walk_on_water_one_cm":27214,"minecraft:total_world_time":238184,"minecraft:interact_with_furnace":54,"minecraft:sleep_in_bed":4,"minecraft:time_since_rest":1171,"minecraft:damage_taken":9836,"minecraft:damage_dealt":16745,"minecraft:swim_one_cm":17105,"minecraft:fly_one_cm":724749,"minecraft:open_chest":14,"minecraft:crouch_one_cm":258215,"minecraft:fall_one_cm":162596},"minecraft:used":{"minecraft:stone_sword":267,"minecraft:shield":46,"minecraft:iron_sword":66,"minecraft:rotten_flesh":1,"minecraft:netherrack":6,"minecraft:torch":80,"minecraft:dirt":49,"minecraft:wooden_axe":4,"minecraft:iron_axe":22,"minecraft:iron_boots":2,"minecraft:crimson_planks":4,"minecraft:basalt":1,"minecraft:soul_soil":1,"minecraft:furnace":3,"minecraft:cherry_log":7,"minecraft:golden_boots":1,"minecraft:cooked_mutton":2,"minecraft:water_bucket":25,"minecraft:leather_leggings":1,"minecraft:stone_pickaxe":132,"minecraft:ender_pearl":1,"minecraft:wooden_pickaxe":6,"minecraft:cherry_planks":225,"minecraft:white_wool":2,"minecraft:salmon":7,"minecraft:crafting_table":6,"minecraft:bread":39,"minecraft:iron_pickaxe":212,"minecraft:gravel":43,"minecraft:stone_axe":111,"minecraft:pink_petals":52,"minecraft:nether_wart_block":2,"minecraft:cobblestone":27,"minecraft:porkchop":8,"minecraft:cooked_porkchop":11,"minecraft:bucket":24}},"DataVersion":3839}