{"stats":{"minecraft:crafted":{"minecraft:golden_carrot":8,"minecraft:cherry_planks":276,"minecraft:oak_planks":8,"minecraft:oak_sign":3,"minecraft:furnace":1,"minecraft:bone_meal":141,"minecraft:cooked_mutton":2,"minecraft:iron_boots":1,"minecraft:iron_axe":3,"minecraft:stone_pickaxe":1,"minecraft:golden_boots":1,"minecraft:crimson_planks":4,"minecraft:enchanting_table":1,"minecraft:cooked_porkchop":1,"minecraft:crafting_table":4,"minecraft:baked_potato":21,"minecraft:wooden_pickaxe":1,"minecraft:iron_helmet":2,"minecraft:iron_sword":2,"minecraft:stone_axe":1,"minecraft:air":0,"minecraft:iron_chestplate":1,"minecraft:diamond_pickaxe":1,"minecraft:gold_nugget":81,"minecraft:shield":3,"minecraft:stick":72,"minecraft:iron_ingot":84,"minecraft:iron_pickaxe":2,"minecraft:wooden_axe":1,"minecraft:stone_sword":2,"minecraft:iron_shovel":1,"minecraft:iron_leggings":3,"minecraft:gold_ingot":41,"minecraft:torch":204},"minecraft:picked_up":{"minecraft:iron_chestplate":1,"minecraft:crafting_table":3,"minecraft:wheat":7,"minecraft:azure_bluet":1,"minecraft:leather_leggings":1,"minecraft:wooden_pickaxe":1,"minecraft:potion":1,"minecraft:enchanted_book":5,"minecraft:nether_brick":9,"minecraft:amethyst_block":12,"minecraft:string":3,"minecraft:soul_soil":1,"minecraft:iron_leggings":5,"minecraft:shroomlight":11,"minecraft:beetroot":2,"minecraft:diamond_leggings":1,"minecraft:gold_nugget":249,"minecraft:cobbled_deepslate":16,"minecraft:beef":3,"minecraft:poppy":1,"minecraft:enchanted_golden_apple":3,"minecraft:deepslate_tile_wall":1,"minecraft:sugar_cane":5,"minecraft:chest":2,"minecraft:diamond_hoe":1,"minecraft:iron_boots":1,"minecraft:furnace":2,"minecraft:stick":15,"minecraft:raw_iron":94,"minecraft:composter":2,"minecraft:torch":17,"minecraft:fire_charge":2,"minecraft:porkchop":10,"minecraft:cherry_log":76,"minecraft:carrot":22,"minecraft:arrow":15,"minecraft:weeping_vines":3,"minecraft:rotten_flesh":19,"minecraft:tropical_fish":1,"minecraft:beetroot_seeds":3,"minecraft:deepslate_bricks":3,"minecraft:hay_block":1,"minecraft:saddle":1,"minecraft:gold_ingot":4,"minecraft:obsidian":11,"minecraft:mutton":2,"minecraft:white_wool":5,"minecraft:cobblestone":68,"minecraft:pink_petals":123,"minecraft:leather_chestplate":1,"minecraft:feather":1,"minecraft:basalt":1,"minecraft:cherry_planks":29,"minecraft:crimson_stem":5,"minecraft:water_bucket":2,"minecraft:salmon":7,"minecraft:leather":4,"minecraft:potato":250,"minecraft:birch_planks":2,"minecraft:crimson_fungus":1,"minecraft:tuff":1,"minecraft:oak_log":30,"minecraft:yellow_bed":1,"minecraft:golden_boots":2,"minecraft:nether_wart_block":2,"minecraft:gunpowder":1,"minecraft:lapis_lazuli":16,"minecraft:dirt":167,"minecraft:piglin_head":1,"minecraft:bone":15,"minecraft:apple":1,"minecraft:bow":1,"minecraft:wheat_seeds":27,"minecraft:raw_gold":29,"minecraft:iron_ingot":5,"minecraft:glowstone_dust":60,"minecraft:soul_sand":4,"minecraft:book":1,"minecraft:sculk_catalyst":4,"minecraft:cooked_porkchop":10,"minecraft:quartz":25,"minecraft:dandelion":1,"minecraft:gravel":79,"minecraft:crying_obsidian":3,"minecraft:spectral_arrow":30,"minecraft:mossy_cobblestone":1,"minecraft:diamond":28,"minecraft:soul_lantern":1,"minecraft:iron_helmet":1,"minecraft:cherry_sapling":4,"minecraft:bread":71,"minecraft:emerald":4,"minecraft:oak_sapling":2,"minecraft:netherrack":35,"minecraft:coal":92,"minecraft:crimson_roots":5,"minecraft:sunflower":2,"minecraft:ender_pearl":4},"minecraft:killed":{"minecraft:spider":2,"minecraft:skeleton":17,"minecraft:chicken":1,"minecraft:silverfish":3,"minecraft:piglin":9,"minecraft:pig":1,"minecraft:salmon":7,"minecraft:strider":1,"minecraft:hoglin":2,"minecraft:creeper":1,"minecraft:sheep":2,"minecraft:zombie":12},"minecraft:dropped":{"minecraft:golden_boots":1,"minecraft:iron_ingot":22,"minecraft:iron_sword":1,"minecraft:birch_planks":2,"minecraft:porkchop":1,"minecraft:wheat_seeds":24,"minecraft:oak_log":1,"minecraft:baked_potato":6,"minecraft:mossy_cobblestone":1,"minecraft:diamond":2,"minecraft:weeping_vines":1,"minecraft:feather":1,"minecraft:iron_helmet":1,"minecraft:cobblestone":16,"minecraft:amethyst_block":5,"minecraft:deepslate_tile_wall":1,"minecraft:leather":1,"minecraft:piglin_head":1,"minecraft:tropical_fish":1,"minecraft:coal":69,"minecraft:stick":2,"minecraft:golden_carrot":6,"minecraft:torch":34,"minecraft:crimson_roots":2,"minecraft:cherry_planks":1,"minecraft:iron_leggings":2,"minecraft:gold_nugget":33,"minecraft:sunflower":2,"minecraft:iron_axe":1,"minecraft:pink_petals":61,"minecraft:white_wool":3,"minecraft:dandelion":1,"minecraft:gold_ingot":24,"minecraft:cobbled_deepslate":2,"minecraft:nether_brick":9,"minecraft:obsidian":1,"minecraft:soul_lantern":1,"minecraft:raw_iron":9,"minecraft:cherry_sapling":4,"minecraft:beetroot":1,"minecraft:rotten_flesh":18,"minecraft:oak_planks":2,"minecraft:iron_boots":1,"minecraft:enchanted_golden_apple":2,"minecraft:carrot":11,"minecraft:poppy":1,"minecraft:leather_chestplate":1,"minecraft:potato":1,"minecraft:hay_block":1,"minecraft:shield":2,"minecraft:gunpowder":1,"minecraft:beetroot_seeds":3,"minecraft:oak_sapling":4,"minecraft:leather_leggings":1,"minecraft:wooden_pickaxe":2,"minecraft:crying_obsidian":1,"minecraft:quartz":13},"minecraft:killed_by":{"minecraft:player":1,"minecraft:piglin":1,"minecraft:warden":27,"minecraft:skeleton":1},"minecraft:mined":{"minecraft:nether_gold_ore":56,"minecraft:deepslate_diamond_ore":3,"minecraft:cherry_log":78,"minecraft:sculk_vein":3,"minecraft:obsidian":5,"minecraft:deepslate_tile_wall":1,"minecraft:grass_block":89,"minecraft:crimson_roots":4,"minecraft:weeping_vines":1,"minecraft:soul_soil":1,"minecraft:composter":2,"minecraft:crimson_stem":6,"minecraft:weeping_vines_plant":1,"minecraft:magma_block":1,"minecraft:glowstone":22,"minecraft:furnace":2,"minecraft:carrots":14,"minecraft:iron_ore":64,"minecraft:fire":8,"minecraft:dirt_path":6,"minecraft:sculk_shrieker":21,"minecraft:potatoes":62,"minecraft:shroomlight":12,"minecraft:deepslate_iron_ore":12,"minecraft:stripped_oak_log":3,"minecraft:packed_ice":1,"minecraft:stone":44,"minecraft:cherry_planks":2,"minecraft:basalt":1,"minecraft:torch":2,"minecraft:crafting_table":2,"minecraft:short_grass":15,"minecraft:emerald_ore":4,"minecraft:chest":2,"minecraft:sculk_sensor":17,"minecraft:nether_quartz_ore":2,"minecraft:tall_grass":5,"minecraft:cobblestone":2,"minecraft:sugar_cane":5,"minecraft:sculk":16,"minecraft:wall_torch":1,"minecraft:amethyst_block":7,"minecraft:pink_petals":5,"minecraft:birch_planks":1,"minecraft:nether_wart_block":2,"minecraft:wheat":13,"minecraft:yellow_bed":1,"minecraft:oak_log":30,"minecraft:coal_ore":72,"minecraft:beetroots":2,"minecraft:cherry_leaves":5,"minecraft:gravel":6,"minecraft:dirt":25,"minecraft:netherrack":38,"minecraft:deepslate":9},"minecraft:broken":{"minecraft:golden_boots":1,"minecraft:stone_sword":2,"minecraft:iron_boots":1,"minecraft:iron_chestplate":1,"minecraft:stone_pickaxe":1,"minecraft:stone_axe":1,"minecraft:iron_pickaxe":1,"minecraft:iron_helmet":2},"minecraft:custom":{"minecraft:mob_kills":63,"minecraft:interact_with_crafting_table":52,"minecraft:leave_game":6,"minecraft:time_since_death":3578,"minecraft:climb_one_cm":3013,"minecraft:sprint_one_cm":832857,"minecraft:walk_one_cm":497795,"minecraft:damage_blocked_by_shield":1488,"minecraft:drop":126,"minecraft:talked_to_villager":6,"minecraft:play_time":339998,"minecraft:sneak_time":72114,"minecraft:deaths":42,"minecraft:walk_under_water_one_cm":23911,"minecraft:interact_with_brewingstand":1,"minecraft:jump":6490,"minecraft:walk_on_water_one_cm":38153,"minecraft:total_world_time":339998,"minecraft:interact_with_furnace":84,"minecraft:sleep_in_bed":4,"minecraft:time_since_rest":3613,"minecraft:damage_taken":13070,"minecraft:damage_dealt":20087,"minecraft:swim_one_cm":33554,"minecraft:fly_one_cm":1175231,"minecraft:open_chest":63,"minecraft:crouch_one_cm":300835,"minecraft:use_cauldron":1,"minecraft:fall_one_cm":236999,"minecraft:horse_one_cm":110850},"minecraft:used":{"minecraft:beetroot":1,"minecraft:stone_sword":267,"minecraft:iron_shovel":117,"minecraft:oak_sign":3,"minecraft:diamond_hoe":180,"minecraft:chest":2,"minecraft:shield":54,"minecraft:iron_sword":130,"minecraft:rotten_flesh":1,"minecraft:netherrack":6,"minecraft:torch":95,"minecraft:dirt":147,"minecraft:carrot":12,"minecraft:azure_bluet":1,"minecraft:wooden_axe":4,"minecraft:iron_axe":68,"minecraft:iron_boots":2,"minecraft:crimson_planks":4,"minecraft:basalt":1,"minecraft:golden_carrot":2,"minecraft:oak_sapling":2,"minecraft:soul_soil":1,"minecraft:furnace":3,"minecraft:potato":162,"minecraft:cherry_log":7,"minecraft:golden_boots":1,"minecraft:wheat_seeds":3,"minecraft:cooked_mutton":2,"minecraft:water_bucket":40,"minecraft:amethyst_block":32,"minecraft:leather_leggings":1,"minecraft:baked_potato":9,"minecraft:ender_pearl":1,"minecraft:stone_pickaxe":132,"minecraft:wooden_pickaxe":6,"minecraft:cherry_planks":225,"minecraft:composter":1,"minecraft:white_wool":2,"minecraft:salmon":7,"minecraft:crafting_table":7,"minecraft:crossbow":5,"minecraft:oak_log":27,"minecraft:diamond_pickaxe":17,"minecraft:apple":1,"minecraft:bread":39,"minecraft:iron_pickaxe":231,"minecraft:gravel":43,"minecraft:stone_axe":111,"minecraft:pink_petals":52,"minecraft:nether_wart_block":2,"minecraft:cobblestone":27,"minecraft:porkchop":8,"minecraft:cooked_porkchop":11,"minecraft:bucket":39,"minecraft:bone_meal":109}},"DataVersion":3839}