{"stats":{"minecraft:broken":{"minecraft:iron_boots":1,"minecraft:iron_chestplate":1,"minecraft:golden_leggings":1,"minecraft:golden_sword":1,"minecraft:iron_axe":1,"minecraft:iron_helmet":1,"minecraft:wooden_axe":1},"minecraft:mined":{"minecraft:cherry_log":145,"minecraft:cherry_sapling":14,"minecraft:glow_lichen":1,"minecraft:ladder":5,"minecraft:cherry_trapdoor":13,"minecraft:granite":2,"minecraft:grass_block":163,"minecraft:cracked_polished_blackstone_bricks":2,"minecraft:birch_slab":10,"minecraft:oxeye_daisy":2,"minecraft:polished_blackstone_bricks":1,"minecraft:carrots":9,"minecraft:furnace":1,"minecraft:iron_ore":55,"minecraft:fire":2,"minecraft:andesite":1,"minecraft:peony":9,"minecraft:azure_bluet":2,"minecraft:potatoes":28,"minecraft:pointed_dripstone":4,"minecraft:deepslate_iron_ore":8,"minecraft:pink_tulip":2,"minecraft:stone":154,"minecraft:cherry_stairs":6,"minecraft:white_wool":2,"minecraft:birch_stairs":4,"minecraft:cherry_planks":2,"minecraft:blackstone":1,"minecraft:lily_of_the_valley":2,"minecraft:dandelion":4,"minecraft:oak_fence":1,"minecraft:cornflower":1,"minecraft:torch":1,"minecraft:crafting_table":2,"minecraft:short_grass":110,"minecraft:copper_ore":1,"minecraft:tall_grass":37,"minecraft:cobblestone":48,"minecraft:lapis_ore":2,"minecraft:sugar_cane":21,"minecraft:diorite":13,"minecraft:wall_torch":2,"minecraft:cherry_slab":17,"minecraft:pink_petals":190,"minecraft:birch_planks":24,"minecraft:birch_log":45,"minecraft:wheat":31,"minecraft:birch_trapdoor":6,"minecraft:lilac":3,"minecraft:birch_leaves":1,"minecraft:stone_brick_stairs":1,"minecraft:smooth_stone_slab":1,"minecraft:yellow_bed":4,"minecraft:coal_ore":34,"minecraft:oak_log":49,"minecraft:gravel":1,"minecraft:cherry_leaves":13,"minecraft:dirt":49,"minecraft:sunflower":13,"minecraft:dripstone_block":4,"minecraft:netherrack":3,"minecraft:oak_leaves":15,"minecraft:deepslate":4},"minecraft:killed_by":{"minecraft:player":3,"minecraft:piglin_brute":3,"minecraft:pillager":1,"minecraft:magma_cube":5,"minecraft:piglin":1,"minecraft:zombie":2},"minecraft:custom":{"minecraft:mob_kills":108,"minecraft:animals_bred":1,"minecraft:interact_with_crafting_table":83,"minecraft:bell_ring":2,"minecraft:leave_game":3,"minecraft:time_since_death":12778,"minecraft:climb_one_cm":5396,"minecraft:sprint_one_cm":902817,"minecraft:walk_one_cm":498230,"minecraft:damage_blocked_by_shield":1190,"minecraft:drop":99,"minecraft:play_time":282446,"minecraft:sneak_time":17462,"minecraft:deaths":26,"minecraft:walk_under_water_one_cm":16375,"minecraft:jump":7494,"minecraft:walk_on_water_one_cm":42973,"minecraft:total_world_time":282446,"minecraft:interact_with_furnace":82,"minecraft:sleep_in_bed":13,"minecraft:time_since_rest":12803,"minecraft:damage_taken":8682,"minecraft:damage_dealt":11969,"minecraft:player_kills":3,"minecraft:swim_one_cm":79795,"minecraft:fly_one_cm":1806352,"minecraft:open_chest":108,"minecraft:crouch_one_cm":55488,"minecraft:fall_one_cm":243812},"minecraft:used":{"minecraft:cherry_sapling":95,"minecraft:iron_shovel":211,"minecraft:ladder":11,"minecraft:poppy":2,"minecraft:shield":24,"minecraft:iron_sword":201,"minecraft:cooked_salmon":3,"minecraft:cooked_chicken":1,"minecraft:stone_hoe":4,"minecraft:rotten_flesh":3,"minecraft:torch":45,"minecraft:dirt":215,"minecraft:mutton":9,"minecraft:carrot":13,"minecraft:glass":13,"minecraft:wooden_axe":51,"minecraft:cherry_slab":28,"minecraft:birch_sapling":5,"minecraft:iron_axe":348,"minecraft:grass_block":2,"minecraft:cherry_trapdoor":45,"minecraft:stone_brick_stairs":4,"minecraft:golden_sword":5,"minecraft:light_gray_wool":1,"minecraft:birch_trapdoor":20,"minecraft:golden_carrot":2,"minecraft:furnace":1,"minecraft:egg":2,"minecraft:potato":58,"minecraft:cherry_fence":12,"minecraft:cherry_log":38,"minecraft:golden_axe":6,"minecraft:wheat_seeds":7,"minecraft:cooked_mutton":28,"minecraft:water_bucket":23,"minecraft:baked_potato":27,"minecraft:birch_planks":37,"minecraft:oak_planks":31,"minecraft:stone_pickaxe":99,"minecraft:wooden_pickaxe":40,"minecraft:cherry_planks":66,"minecraft:sugar_cane":31,"minecraft:white_wool":19,"minecraft:salmon":1,"minecraft:crafting_table":3,"minecraft:stone_brick_wall":16,"minecraft:oak_log":4,"minecraft:oxeye_daisy":1,"minecraft:chicken":2,"minecraft:birch_slab":38,"minecraft:cherry_door":1,"minecraft:sunflower":11,"minecraft:iron_pickaxe":211,"minecraft:pink_petals":1557,"minecraft:wooden_sword":43,"minecraft:cherry_stairs":54,"minecraft:cobblestone":70,"minecraft:porkchop":4,"minecraft:cooked_porkchop":5,"minecraft:andesite":1,"minecraft:bucket":25,"minecraft:glass_pane":14,"minecraft:yellow_bed":5,"minecraft:dandelion":2,"minecraft:bone_meal":48,"minecraft:birch_stairs":28,"minecraft:oak_fence":1},"minecraft:dropped":{"minecraft:golden_boots":1,"minecraft:stone_hoe":1,"minecraft:water_bucket":1,"minecraft:iron_ingot":49,"minecraft:iron_sword":4,"minecraft:wheat_seeds":62,"minecraft:oak_log":3,"minecraft:baked_potato":9,"minecraft:crafting_table":1,"minecraft:cooked_porkchop":4,"minecraft:grass_block":1,"minecraft:birch_slab":8,"minecraft:oxeye_daisy":2,"minecraft:dirt":5,"minecraft:golden_carrot":9,"minecraft:cherry_trapdoor":2,"minecraft:torch":21,"minecraft:cornflower":4,"minecraft:mutton":11,"minecraft:cherry_planks":36,"minecraft:string":3,"minecraft:pink_petals":6,"minecraft:white_wool":1,"minecraft:furnace":2,"minecraft:cooked_chicken":1,"minecraft:cobbled_deepslate":8,"minecraft:raw_copper":20,"minecraft:smooth_stone_slab":1,"minecraft:cherry_sapling":1,"minecraft:rotten_flesh":6,"minecraft:oak_planks":33,"minecraft:cooked_mutton":3,"minecraft:salmon":2,"minecraft:poppy":4,"minecraft:stone":1,"minecraft:shield":1,"minecraft:gunpowder":6,"minecraft:iron_chestplate":1,"minecraft:ladder":1,"minecraft:spider_eye":5,"minecraft:stone_bricks":2,"minecraft:glass":1,"minecraft:wooden_pickaxe":1,"minecraft:stone_brick_stairs":5},"minecraft:crafted":{"minecraft:golden_carrot":19,"minecraft:cherry_planks":328,"minecraft:wooden_sword":1,"minecraft:oak_planks":116,"minecraft:stone_brick_wall":18,"minecraft:cherry_slab":24,"minecraft:cooked_chicken":2,"minecraft:birch_slab":42,"minecraft:furnace":1,"minecraft:stone":33,"minecraft:bone_meal":48,"minecraft:cooked_mutton":31,"minecraft:cherry_trapdoor":34,"minecraft:iron_boots":1,"minecraft:iron_axe":1,"minecraft:ladder":6,"minecraft:cherry_stairs":48,"minecraft:stone_pickaxe":1,"minecraft:stone_bricks":32,"minecraft:cherry_fence":12,"minecraft:cooked_porkchop":9,"minecraft:crafting_table":1,"minecraft:wooden_pickaxe":1,"minecraft:baked_potato":35,"minecraft:iron_sword":4,"minecraft:cooked_salmon":3,"minecraft:birch_planks":172,"minecraft:air":0,"minecraft:stone_brick_stairs":8,"minecraft:iron_chestplate":2,"minecraft:gold_nugget":162,"minecraft:shield":2,"minecraft:stick":52,"minecraft:iron_ingot":68,"minecraft:iron_pickaxe":1,"minecraft:birch_trapdoor":14,"minecraft:wooden_axe":1,"minecraft:iron_shovel":1,"minecraft:cherry_door":3,"minecraft:gold_ingot":26,"minecraft:torch":64,"minecraft:birch_stairs":24,"minecraft:shears":1},"minecraft:picked_up":{"minecraft:crafting_table":4,"minecraft:wheat":7,"minecraft:azure_bluet":2,"minecraft:chicken":4,"minecraft:ladder":6,"minecraft:stone_brick_stairs":1,"minecraft:golden_sword":2,"minecraft:cornflower":6,"minecraft:string":5,"minecraft:raw_copper":20,"minecraft:cooked_salmon":1,"minecraft:smooth_stone_slab":2,"minecraft:iron_leggings":1,"minecraft:blackstone":2,"minecraft:cobbled_deepslate":14,"minecraft:calcite":2,"minecraft:poppy":6,"minecraft:light_gray_wool":1,"minecraft:sugar_cane":31,"minecraft:birch_sapling":5,"minecraft:cherry_trapdoor":13,"minecraft:furnace":2,"minecraft:iron_boots":1,"minecraft:egg":3,"minecraft:stick":18,"minecraft:raw_iron":65,"minecraft:cherry_stairs":6,"minecraft:birch_trapdoor":6,"minecraft:oak_fence":1,"minecraft:torch":4,"minecraft:porkchop":4,"minecraft:polished_blackstone_bricks":3,"minecraft:cherry_log":139,"minecraft:pointed_dripstone":5,"minecraft:diorite":1,"minecraft:carrot":34,"minecraft:arrow":23,"minecraft:rotten_flesh":19,"minecraft:diamond_chestplate":1,"minecraft:peony":9,"minecraft:mutton":36,"minecraft:white_wool":26,"minecraft:cobblestone":198,"minecraft:oxeye_daisy":5,"minecraft:birch_log":43,"minecraft:pink_petals":1255,"minecraft:feather":3,"minecraft:lilac":1,"minecraft:salmon":7,"minecraft:cherry_planks":32,"minecraft:birch_slab":11,"minecraft:water_bucket":2,"minecraft:andesite":1,"minecraft:yellow_dye":1,"minecraft:potato":93,"minecraft:birch_planks":24,"minecraft:flint":1,"minecraft:oak_log":45,"minecraft:golden_boots":2,"minecraft:yellow_bed":5,"minecraft:gunpowder":8,"minecraft:lapis_lazuli":18,"minecraft:dirt":270,"minecraft:bone":19,"minecraft:stone_bricks":2,"minecraft:wheat_seeds":99,"minecraft:iron_ingot":1,"minecraft:diamond_helmet":1,"minecraft:iron_sword":1,"minecraft:stone_brick_slab":1,"minecraft:dandelion":14,"minecraft:poisonous_potato":3,"minecraft:dripstone_block":4,"minecraft:gravel":1,"minecraft:birch_stairs":4,"minecraft:spider_eye":5,"minecraft:cracked_polished_blackstone_bricks":4,"minecraft:iron_helmet":1,"minecraft:granite":2,"minecraft:cherry_sapling":31,"minecraft:baked_potato":4,"minecraft:netherrack":15,"minecraft:oak_sapling":2,"minecraft:cherry_slab":15,"minecraft:black_wool":3,"minecraft:coal":44,"minecraft:sunflower":11},"minecraft:killed":{"minecraft:spider":5,"minecraft:skeleton":11,"minecraft:chicken":4,"minecraft:magma_cube":21,"minecraft:piglin":7,"minecraft:pig":4,"minecraft:salmon":7,"minecraft:creeper":2,"minecraft:sheep":27,"minecraft:zombie":14}},"DataVersion":3953}