{"stats":{"minecraft:mined":{"minecraft:cherry_log":185,"minecraft:sculk_vein":3,"minecraft:obsidian":5,"minecraft:deepslate_tile_wall":1,"minecraft:grass_block":659,"minecraft:soul_soil":1,"minecraft:composter":2,"minecraft:weeping_vines_plant":1,"minecraft:magma_block":1,"minecraft:glowstone":22,"minecraft:iron_ore":69,"minecraft:fire":8,"minecraft:azure_bluet":3,"minecraft:sculk_shrieker":21,"minecraft:oak_sign":1,"minecraft:dirt_path":18,"minecraft:powder_snow":3,"minecraft:torch":2,"minecraft:chest":3,"minecraft:nether_quartz_ore":2,"minecraft:cobblestone":4,"minecraft:sugar_cane":9,"minecraft:wall_torch":1,"minecraft:amethyst_block":7,"minecraft:pink_petals":104,"minecraft:nether_wart_block":2,"minecraft:wheat":22,"minecraft:oak_log":30,"minecraft:beetroots":3,"minecraft:dirt":453,"minecraft:netherrack":38,"minecraft:deepslate":9,"minecraft:nether_gold_ore":56,"minecraft:deepslate_diamond_ore":3,"minecraft:cherry_sapling":10,"minecraft:crimson_roots":4,"minecraft:weeping_vines":1,"minecraft:crimson_stem":6,"minecraft:cherry_wall_sign":1,"minecraft:furnace":2,"minecraft:carrots":18,"minecraft:snow":1,"minecraft:cobblestone_slab":1,"minecraft:potatoes":271,"minecraft:deepslate_iron_ore":12,"minecraft:shroomlight":12,"minecraft:stripped_oak_log":3,"minecraft:packed_ice":1,"minecraft:bamboo":9,"minecraft:stone":217,"minecraft:cherry_planks":2,"minecraft:snow_block":164,"minecraft:basalt":1,"minecraft:crafting_table":2,"minecraft:short_grass":70,"minecraft:emerald_ore":4,"minecraft:sculk_sensor":17,"minecraft:tall_grass":13,"minecraft:sculk":16,"minecraft:birch_planks":1,"minecraft:yellow_bed":3,"minecraft:coal_ore":94,"minecraft:cherry_leaves":19,"minecraft:gravel":6,"minecraft:cherry_sign":1},"minecraft:picked_up":{"minecraft:iron_chestplate":1,"minecraft:wheat":14,"minecraft:lead":1,"minecraft:potion":1,"minecraft:enchanted_book":5,"minecraft:nether_brick":9,"minecraft:amethyst_block":12,"minecraft:string":6,"minecraft:soul_soil":1,"minecraft:iron_leggings":5,"minecraft:shroomlight":11,"minecraft:oak_sign":1,"minecraft:beetroot":2,"minecraft:diamond_leggings":1,"minecraft:gold_nugget":249,"minecraft:cobbled_deepslate":16,"minecraft:deepslate_tile_wall":1,"minecraft:enchanted_golden_apple":3,"minecraft:iron_boots":1,"minecraft:furnace":2,"minecraft:stick":30,"minecraft:composter":2,"minecraft:torch":17,"minecraft:snow_block":33,"minecraft:porkchop":10,"minecraft:cherry_log":251,"minecraft:rotten_flesh":24,"minecraft:tropical_fish":1,"minecraft:obsidian":11,"minecraft:cod":2,"minecraft:snowball":147,"minecraft:cobblestone":243,"minecraft:pink_petals":939,"minecraft:leather_chestplate":1,"minecraft:feather":1,"minecraft:cooked_beef":13,"minecraft:cherry_planks":29,"minecraft:water_bucket":3,"minecraft:potato":927,"minecraft:tuff":1,"minecraft:lapis_lazuli":16,"minecraft:dirt":1227,"minecraft:bone":48,"minecraft:bow":1,"minecraft:wheat_seeds":71,"minecraft:raw_gold":29,"minecraft:glowstone_dust":60,"minecraft:bamboo":54,"minecraft:cooked_porkchop":10,"minecraft:poisonous_potato":5,"minecraft:sand":128,"minecraft:spectral_arrow":30,"minecraft:mossy_cobblestone":1,"minecraft:diamond":28,"minecraft:soul_lantern":1,"minecraft:bread":72,"minecraft:golden_horse_armor":1,"minecraft:emerald":4,"minecraft:oak_sapling":2,"minecraft:netherrack":35,"minecraft:crimson_roots":5,"minecraft:crafting_table":3,"minecraft:azure_bluet":6,"minecraft:leather_leggings":1,"minecraft:wooden_pickaxe":1,"minecraft:diamond_horse_armor":1,"minecraft:beef":3,"minecraft:poppy":2,"minecraft:sugar_cane":11,"minecraft:chest":3,"minecraft:diamond_hoe":1,"minecraft:raw_iron":99,"minecraft:fire_charge":2,"minecraft:carrot":24,"minecraft:weeping_vines":3,"minecraft:arrow":21,"minecraft:stone_shovel":1,"minecraft:beetroot_seeds":4,"minecraft:deepslate_bricks":3,"minecraft:hay_block":1,"minecraft:saddle":1,"minecraft:gold_ingot":4,"minecraft:mutton":2,"minecraft:white_wool":6,"minecraft:basalt":1,"minecraft:crimson_stem":5,"minecraft:salmon":7,"minecraft:leather":4,"minecraft:birch_planks":2,"minecraft:crimson_fungus":1,"minecraft:oak_log":30,"minecraft:nether_wart_block":2,"minecraft:yellow_bed":3,"minecraft:golden_boots":2,"minecraft:gunpowder":2,"minecraft:piglin_head":1,"minecraft:apple":1,"minecraft:iron_ingot":10,"minecraft:cherry_sign":2,"minecraft:soul_sand":4,"minecraft:book":1,"minecraft:sculk_catalyst":4,"minecraft:quartz":25,"minecraft:dandelion":7,"minecraft:gravel":79,"minecraft:green_carpet":2,"minecraft:crying_obsidian":3,"minecraft:spider_eye":1,"minecraft:iron_helmet":2,"minecraft:cherry_sapling":25,"minecraft:baked_potato":4,"minecraft:coal":115,"minecraft:ender_pearl":4,"minecraft:sunflower":2},"minecraft:dropped":{"minecraft:iron_sword":1,"minecraft:porkchop":1,"minecraft:birch_planks":2,"minecraft:oak_log":1,"minecraft:baked_potato":106,"minecraft:diamond":2,"minecraft:weeping_vines":1,"minecraft:deepslate_tile_wall":1,"minecraft:leather":1,"minecraft:dirt":3,"minecraft:crimson_roots":2,"minecraft:snowball":60,"minecraft:gold_nugget":33,"minecraft:sunflower":2,"minecraft:white_wool":4,"minecraft:gold_ingot":24,"minecraft:stone_axe":1,"minecraft:sugar_cane":11,"minecraft:cobbled_deepslate":16,"minecraft:nether_brick":9,"minecraft:wheat":7,"minecraft:obsidian":1,"minecraft:soul_lantern":1,"minecraft:cherry_sapling":4,"minecraft:beetroot":1,"minecraft:rotten_flesh":23,"minecraft:oak_planks":2,"minecraft:enchanted_golden_apple":2,"minecraft:carrot":11,"minecraft:poppy":1,"minecraft:leather_chestplate":1,"minecraft:gunpowder":1,"minecraft:beetroot_seeds":4,"minecraft:leather_leggings":1,"minecraft:crying_obsidian":1,"minecraft:quartz":13,"minecraft:enchanting_table":1,"minecraft:golden_boots":1,"minecraft:iron_ingot":22,"minecraft:wheat_seeds":25,"minecraft:cherry_log":150,"minecraft:mossy_cobblestone":1,"minecraft:feather":1,"minecraft:iron_helmet":1,"minecraft:cobblestone":20,"minecraft:amethyst_block":5,"minecraft:piglin_head":1,"minecraft:tropical_fish":1,"minecraft:coal":69,"minecraft:stick":2,"minecraft:golden_carrot":6,"minecraft:torch":34,"minecraft:cherry_planks":65,"minecraft:iron_leggings":2,"minecraft:iron_axe":1,"minecraft:string":1,"minecraft:pink_petals":519,"minecraft:dandelion":1,"minecraft:tuff":1,"minecraft:raw_iron":9,"minecraft:iron_boots":1,"minecraft:potato":1,"minecraft:hay_block":1,"minecraft:stone":2,"minecraft:shield":2,"minecraft:oak_sapling":4,"minecraft:spider_eye":1,"minecraft:wooden_pickaxe":2},"minecraft:used":{"minecraft:beetroot":1,"minecraft:cherry_sapling":1,"minecraft:iron_shovel":1128,"minecraft:diamond_hoe":374,"minecraft:oak_sign":4,"minecraft:chest":5,"minecraft:shield":68,"minecraft:stone":74,"minecraft:iron_sword":204,"minecraft:rotten_flesh":1,"minecraft:carrot":12,"minecraft:snowball":16,"minecraft:azure_bluet":1,"minecraft:villager_spawn_egg":20,"minecraft:iron_helmet":1,"minecraft:furnace":6,"minecraft:oak_sapling":2,"minecraft:potato":366,"minecraft:golden_boots":1,"minecraft:leather_leggings":1,"minecraft:stone_pickaxe":132,"minecraft:ender_pearl":1,"minecraft:wooden_pickaxe":6,"minecraft:composter":1,"minecraft:white_wool":2,"minecraft:crossbow":5,"minecraft:bread":41,"minecraft:cherry_sign":2,"minecraft:gravel":43,"minecraft:nether_wart_block":2,"minecraft:bone_meal":204,"minecraft:stone_sword":267,"minecraft:wooden_shovel":23,"minecraft:netherrack":6,"minecraft:torch":106,"minecraft:dirt":807,"minecraft:golden_shovel":99,"minecraft:wooden_axe":4,"minecraft:iron_axe":112,"minecraft:iron_boots":2,"minecraft:crimson_planks":4,"minecraft:bamboo":64,"minecraft:basalt":1,"minecraft:golden_carrot":2,"minecraft:soul_soil":1,"minecraft:cherry_log":7,"minecraft:wheat_seeds":3,"minecraft:cooked_mutton":2,"minecraft:water_bucket":109,"minecraft:amethyst_block":32,"minecraft:baked_potato":66,"minecraft:cherry_planks":226,"minecraft:cobblestone_slab":65,"minecraft:salmon":7,"minecraft:crafting_table":7,"minecraft:oak_log":27,"minecraft:diamond_pickaxe":226,"minecraft:apple":1,"minecraft:iron_pickaxe":231,"minecraft:stone_axe":215,"minecraft:pink_petals":116,"minecraft:green_carpet":2,"minecraft:cobblestone":30,"minecraft:cooked_porkchop":13,"minecraft:porkchop":8,"minecraft:bucket":106,"minecraft:yellow_bed":2},"minecraft:custom":{"minecraft:interact_with_crafting_table":71,"minecraft:leave_game":7,"minecraft:time_since_death":1153,"minecraft:sprint_one_cm":1376718,"minecraft:damage_blocked_by_shield":2002,"minecraft:drop":168,"minecraft:talked_to_villager":7,"minecraft:play_time":551438,"minecraft:deaths":50,"minecraft:jump":11055,"minecraft:interact_with_brewingstand":1,"minecraft:walk_on_water_one_cm":75705,"minecraft:interact_with_furnace":155,"minecraft:sleep_in_bed":11,"minecraft:damage_dealt":24263,"minecraft:crouch_one_cm":401301,"minecraft:use_cauldron":1,"minecraft:horse_one_cm":1205738,"minecraft:mob_kills":81,"minecraft:interact_with_anvil":1,"minecraft:climb_one_cm":9169,"minecraft:walk_one_cm":840516,"minecraft:sneak_time":90505,"minecraft:walk_under_water_one_cm":24698,"minecraft:total_world_time":551438,"minecraft:interact_with_grindstone":1,"minecraft:time_since_rest":1184,"minecraft:damage_taken":15734,"minecraft:swim_one_cm":35389,"minecraft:fly_one_cm":2045182,"minecraft:open_chest":131,"minecraft:fall_one_cm":379135},"minecraft:crafted":{"minecraft:oak_planks":8,"minecraft:cobblestone_slab":114,"minecraft:oak_sign":3,"minecraft:stone":76,"minecraft:cooked_mutton":2,"minecraft:glass":34,"minecraft:iron_boots":1,"minecraft:chest":2,"minecraft:golden_boots":1,"minecraft:wooden_shovel":1,"minecraft:cooked_porkchop":3,"minecraft:crafting_table":4,"minecraft:iron_helmet":2,"minecraft:wooden_pickaxe":1,"minecraft:baked_potato":240,"minecraft:iron_chestplate":1,"minecraft:diamond_pickaxe":1,"minecraft:cherry_sign":3,"minecraft:shield":3,"minecraft:stick":88,"minecraft:iron_ingot":87,"minecraft:iron_pickaxe":2,"minecraft:stone_sword":2,"minecraft:gold_ingot":41,"minecraft:golden_carrot":8,"minecraft:cherry_planks":372,"minecraft:furnace":4,"minecraft:bone_meal":234,"minecraft:iron_axe":3,"minecraft:stone_pickaxe":1,"minecraft:cooked_beef":2,"minecraft:crimson_planks":4,"minecraft:enchanting_table":1,"minecraft:iron_sword":2,"minecraft:golden_shovel":3,"minecraft:bucket":1,"minecraft:stone_axe":1,"minecraft:air":0,"minecraft:gold_nugget":81,"minecraft:wooden_axe":1,"minecraft:iron_shovel":5,"minecraft:iron_leggings":3,"minecraft:torch":204},"minecraft:killed_by":{"minecraft:piglin":1,"minecraft:player":4,"minecraft:warden":27,"minecraft:skeleton":1},"minecraft:broken":{"minecraft:iron_shovel":4,"minecraft:golden_boots":2,"minecraft:iron_boots":1,"minecraft:iron_chestplate":2,"minecraft:golden_shovel":3,"minecraft:stone_pickaxe":1,"minecraft:stone_axe":1,"minecraft:stone_sword":2,"minecraft:iron_pickaxe":1,"minecraft:iron_helmet":2},"minecraft:killed":{"minecraft:witch":1,"minecraft:spider":6,"minecraft:skeleton":21,"minecraft:chicken":1,"minecraft:silverfish":3,"minecraft:piglin":9,"minecraft:pig":1,"minecraft:salmon":7,"minecraft:strider":1,"minecraft:creeper":3,"minecraft:sheep":3,"minecraft:zombie":17,"minecraft:hoglin":2}},"DataVersion":3839}