{"stats":{"minecraft:crafted":{"minecraft:cherry_planks":44,"minecraft:wooden_sword":1,"minecraft:iron_boots":1,"minecraft:crafting_table":1,"minecraft:stick":8,"minecraft:wooden_pickaxe":1,"minecraft:iron_helmet":1,"minecraft:wooden_axe":2},"minecraft:picked_up":{"minecraft:azure_bluet":2,"minecraft:cherry_planks":1,"minecraft:golden_carrot":7,"minecraft:oak_door":1,"minecraft:composter":1,"minecraft:torch":2,"minecraft:dandelion":1,"minecraft:potato":16,"minecraft:cherry_log":11,"minecraft:white_bed":1,"minecraft:carrot":11,"minecraft:pufferfish":2,"minecraft:rotten_flesh":2,"minecraft:wheat_seeds":17,"minecraft:iron_ingot":9,"minecraft:poppy":2,"minecraft:oak_sapling":1,"minecraft:mutton":2,"minecraft:white_wool":1},"minecraft:killed":{"minecraft:sheep":1,"minecraft:iron_golem":2,"minecraft:villager":3},"minecraft:dropped":{"minecraft:potato":5,"minecraft:golden_carrot":1,"minecraft:torch":1,"minecraft:pufferfish":1},"minecraft:mined":{"minecraft:white_bed":1,"minecraft:cherry_planks":1,"minecraft:carrots":4,"minecraft:oak_door":1,"minecraft:wheat":10,"minecraft:cherry_log":13,"minecraft:dandelion":1,"minecraft:powder_snow":1,"minecraft:azure_bluet":3,"minecraft:short_grass":47,"minecraft:potatoes":10,"minecraft:cherry_leaves":3,"minecraft:tall_grass":13,"minecraft:composter":1,"minecraft:wall_torch":1},"minecraft:used":{"minecraft:wheat_seeds":17,"minecraft:wooden_axe":6,"minecraft:cherry_planks":2,"minecraft:composter":1,"minecraft:pufferfish":1,"minecraft:oak_door":1,"minecraft:white_wool":1,"minecraft:wooden_sword":28,"minecraft:golden_carrot":4,"minecraft:crafting_table":1,"minecraft:carrot":9,"minecraft:white_bed":1,"minecraft:potato":11},"minecraft:custom":{"minecraft:time_since_rest":15998,"minecraft:sprint_one_cm":95708,"minecraft:damage_taken":445,"minecraft:walk_one_cm":187006,"minecraft:mob_kills":6,"minecraft:drop":8,"minecraft:damage_dealt":2746,"minecraft:interact_with_crafting_table":3,"minecraft:talked_to_villager":7,"minecraft:fly_one_cm":131983,"minecraft:open_chest":7,"minecraft:crouch_one_cm":4385,"minecraft:play_time":50042,"minecraft:sneak_time":1344,"minecraft:walk_under_water_one_cm":482,"minecraft:jump":772,"minecraft:leave_game":2,"minecraft:time_since_death":50042,"minecraft:walk_on_water_one_cm":6895,"minecraft:sleep_in_bed":2,"minecraft:climb_one_cm":1536,"minecraft:total_world_time":50042,"minecraft:fall_one_cm":25559,"minecraft:horse_one_cm":42327}},"DataVersion":3839}