{"stats":{"minecraft:crafted":{"minecraft:cherry_planks":44,"minecraft:wooden_sword":1,"minecraft:iron_boots":1,"minecraft:crafting_table":1,"minecraft:stick":8,"minecraft:wooden_pickaxe":1,"minecraft:iron_helmet":1,"minecraft:wooden_axe":2},"minecraft:picked_up":{"minecraft:azure_bluet":2,"minecraft:golden_carrot":7,"minecraft:oak_door":1,"minecraft:composter":1,"minecraft:torch":2,"minecraft:dandelion":1,"minecraft:potato":14,"minecraft:cherry_log":11,"minecraft:white_bed":1,"minecraft:carrot":9,"minecraft:rotten_flesh":2,"minecraft:wheat_seeds":16,"minecraft:iron_ingot":9,"minecraft:poppy":2,"minecraft:oak_sapling":1,"minecraft:mutton":2,"minecraft:white_wool":1},"minecraft:killed":{"minecraft:sheep":1,"minecraft:iron_golem":2,"minecraft:villager":3},"minecraft:dropped":{"minecraft:potato":5,"minecraft:golden_carrot":1,"minecraft:torch":1},"minecraft:mined":{"minecraft:white_bed":1,"minecraft:carrots":2,"minecraft:oak_door":1,"minecraft:wheat":9,"minecraft:cherry_log":13,"minecraft:dandelion":1,"minecraft:powder_snow":1,"minecraft:azure_bluet":2,"minecraft:short_grass":47,"minecraft:potatoes":8,"minecraft:cherry_leaves":3,"minecraft:tall_grass":13,"minecraft:composter":1,"minecraft:wall_torch":1},"minecraft:used":{"minecraft:wheat_seeds":16,"minecraft:wooden_axe":6,"minecraft:composter":1,"minecraft:oak_door":1,"minecraft:wooden_sword":19,"minecraft:golden_carrot":1,"minecraft:crafting_table":1,"minecraft:carrot":9,"minecraft:white_bed":1,"minecraft:potato":9},"minecraft:custom":{"minecraft:time_since_rest":6274,"minecraft:sprint_one_cm":74251,"minecraft:damage_taken":115,"minecraft:walk_one_cm":155471,"minecraft:mob_kills":6,"minecraft:drop":7,"minecraft:damage_dealt":2686,"minecraft:interact_with_crafting_table":3,"minecraft:talked_to_villager":7,"minecraft:fly_one_cm":105279,"minecraft:open_chest":6,"minecraft:crouch_one_cm":3237,"minecraft:play_time":40318,"minecraft:sneak_time":1120,"minecraft:walk_under_water_one_cm":170,"minecraft:jump":629,"minecraft:leave_game":1,"minecraft:time_since_death":40318,"minecraft:walk_on_water_one_cm":3832,"minecraft:sleep_in_bed":2,"minecraft:climb_one_cm":944,"minecraft:total_world_time":40318,"minecraft:fall_one_cm":21799,"minecraft:horse_one_cm":42327}},"DataVersion":3839}