{"stats":{"minecraft:crafted":{"minecraft:cherry_planks":44,"minecraft:wooden_sword":1,"minecraft:crafting_table":1,"minecraft:stick":8,"minecraft:wooden_pickaxe":1,"minecraft:wooden_axe":2},"minecraft:picked_up":{"minecraft:azure_bluet":2,"minecraft:oak_door":1,"minecraft:torch":2,"minecraft:dandelion":1,"minecraft:potato":13,"minecraft:cherry_log":11,"minecraft:white_bed":1,"minecraft:carrot":9,"minecraft:rotten_flesh":2,"minecraft:wheat_seeds":13,"minecraft:iron_ingot":9,"minecraft:poppy":2},"minecraft:killed":{"minecraft:iron_golem":2,"minecraft:villager":2},"minecraft:dropped":{"minecraft:potato":5,"minecraft:torch":1},"minecraft:mined":{"minecraft:white_bed":1,"minecraft:carrots":2,"minecraft:oak_door":1,"minecraft:wheat":6,"minecraft:cherry_log":13,"minecraft:dandelion":1,"minecraft:powder_snow":1,"minecraft:azure_bluet":2,"minecraft:short_grass":45,"minecraft:potatoes":7,"minecraft:cherry_leaves":3,"minecraft:tall_grass":13,"minecraft:wall_torch":1},"minecraft:used":{"minecraft:wheat_seeds":8,"minecraft:oak_door":1,"minecraft:crafting_table":1,"minecraft:carrot":8,"minecraft:white_bed":1,"minecraft:potato":8},"minecraft:custom":{"minecraft:time_since_rest":8710,"minecraft:sprint_one_cm":42369,"minecraft:damage_taken":95,"minecraft:walk_one_cm":107891,"minecraft:mob_kills":4,"minecraft:drop":6,"minecraft:damage_dealt":2295,"minecraft:interact_with_crafting_table":2,"minecraft:talked_to_villager":5,"minecraft:fly_one_cm":56858,"minecraft:open_chest":6,"minecraft:crouch_one_cm":1957,"minecraft:play_time":28318,"minecraft:sneak_time":801,"minecraft:walk_under_water_one_cm":170,"minecraft:jump":378,"minecraft:leave_game":1,"minecraft:time_since_death":28318,"minecraft:walk_on_water_one_cm":1201,"minecraft:sleep_in_bed":1,"minecraft:climb_one_cm":944,"minecraft:total_world_time":28318,"minecraft:fall_one_cm":13433}},"DataVersion":3839}