{"stats":{"minecraft:crafted":{"minecraft:cherry_planks":108,"minecraft:oak_planks":120,"minecraft:furnace":1,"minecraft:iron_boots":1,"minecraft:stone_pickaxe":5,"minecraft:chest":2,"minecraft:wheat":342,"minecraft:golden_boots":1,"minecraft:cooked_beef":1,"minecraft:crimson_planks":36,"minecraft:crossbow":1,"minecraft:cooked_porkchop":21,"minecraft:crafting_table":7,"minecraft:wooden_pickaxe":2,"minecraft:iron_helmet":2,"minecraft:campfire":1,"minecraft:stone_axe":2,"minecraft:air":0,"minecraft:bread":114,"minecraft:iron_chestplate":1,"minecraft:stick":32,"minecraft:iron_ingot":29,"minecraft:wooden_axe":1,"minecraft:stone_sword":1,"minecraft:iron_leggings":1,"minecraft:gold_ingot":26},"minecraft:picked_up":{"minecraft:charcoal":8,"minecraft:iron_chestplate":1,"minecraft:splash_potion":2,"minecraft:oak_stairs":2,"minecraft:potion":2,"minecraft:diamond_horse_armor":1,"minecraft:nether_brick":6,"minecraft:brewing_stand":2,"minecraft:shield":1,"minecraft:amethyst_block":5,"minecraft:music_disc_cat":1,"minecraft:string":1,"minecraft:iron_axe":1,"minecraft:iron_leggings":2,"minecraft:blackstone":21,"minecraft:shroomlight":1,"minecraft:deepslate_tiles":4,"minecraft:gold_nugget":239,"minecraft:cobbled_deepslate":43,"minecraft:beef":13,"minecraft:lectern":1,"minecraft:furnace":1,"minecraft:golden_helmet":1,"minecraft:raw_iron":87,"minecraft:torch":33,"minecraft:porkchop":26,"minecraft:target":1,"minecraft:cherry_log":27,"minecraft:redstone":2,"minecraft:arrow":3,"minecraft:weeping_vines":3,"minecraft:rotten_flesh":10,"minecraft:deepslate_bricks":4,"minecraft:polished_basalt":1,"minecraft:hay_block":38,"minecraft:cracked_deepslate_bricks":2,"minecraft:saddle":1,"minecraft:mutton":2,"minecraft:obsidian":3,"minecraft:snowball":80,"minecraft:white_wool":4,"minecraft:cobblestone":60,"minecraft:stripped_oak_log":8,"minecraft:pink_petals":60,"minecraft:cherry_planks":5,"minecraft:crimson_stem":9,"minecraft:leather":15,"minecraft:golden_leggings":1,"minecraft:potato":1,"minecraft:birch_planks":2,"minecraft:tuff":15,"minecraft:oak_log":29,"minecraft:nether_wart_block":1,"minecraft:cobbled_deepslate_stairs":3,"minecraft:lapis_lazuli":27,"minecraft:dirt":12,"minecraft:name_tag":1,"minecraft:cooked_mutton":3,"minecraft:bone":7,"minecraft:gray_carpet":1,"minecraft:wheat_seeds":5,"minecraft:bell":2,"minecraft:iron_ingot":4,"minecraft:glowstone_dust":2,"minecraft:oak_planks":22,"minecraft:iron_sword":1,"minecraft:soul_sand":50,"minecraft:sculk_catalyst":5,"minecraft:sculk":78,"minecraft:quartz":5,"minecraft:gravel":38,"minecraft:amethyst_shard":8,"minecraft:white_bed":1,"minecraft:crying_obsidian":3,"minecraft:spectral_arrow":11,"minecraft:white_candle":5,"minecraft:sculk_sensor":2,"minecraft:crossbow":2,"minecraft:netherrack":45,"minecraft:coal":241,"minecraft:crafting_table":6,"minecraft:crimson_roots":3,"minecraft:sunflower":1,"minecraft:ender_pearl":1},"minecraft:killed":{"minecraft:spider":1,"minecraft:skeleton":4,"minecraft:bee":2,"minecraft:warden":4,"minecraft:piglin":7,"minecraft:pig":4,"minecraft:iron_golem":1,"minecraft:hoglin":5,"minecraft:zombie":16,"minecraft:villager":1,"minecraft:enderman":1,"minecraft:cow":7},"minecraft:dropped":{"minecraft:golden_boots":1,"minecraft:enchanted_book":5,"minecraft:iron_ingot":4,"minecraft:bread":78,"minecraft:soul_sand":50,"minecraft:candle":8,"minecraft:porkchop":5,"minecraft:wheat_seeds":4,"minecraft:cobbled_deepslate_stairs":3,"minecraft:ender_pearl":1,"minecraft:cooked_porkchop":15,"minecraft:diamond_leggings":2,"minecraft:lead":1,"minecraft:weeping_vines":3,"minecraft:iron_helmet":1,"minecraft:cobblestone":12,"minecraft:spectral_arrow":9,"minecraft:leather":1,"minecraft:saddle":2,"minecraft:coal":53,"minecraft:stick":8,"minecraft:diamond_horse_armor":3,"minecraft:dirt":11,"minecraft:golden_carrot":5,"minecraft:brewing_stand":1,"minecraft:sculk_catalyst":5,"minecraft:mutton":2,"minecraft:crimson_roots":3,"minecraft:cherry_planks":26,"minecraft:snowball":66,"minecraft:potion":2,"minecraft:iron_leggings":7,"minecraft:oak_stairs":1,"minecraft:amethyst_shard":8,"minecraft:sunflower":1,"minecraft:polished_basalt":1,"minecraft:string":1,"minecraft:pink_petals":60,"minecraft:music_disc_cat":2,"minecraft:redstone":1,"minecraft:bone":29,"minecraft:gold_ingot":22,"minecraft:gravel":37,"minecraft:furnace":1,"minecraft:blackstone":21,"minecraft:cobbled_deepslate":7,"minecraft:nether_brick":6,"minecraft:tuff":1,"minecraft:diamond_hoe":1,"minecraft:obsidian":2,"minecraft:raw_iron":30,"minecraft:sculk_sensor":4,"minecraft:rotten_flesh":6,"minecraft:oak_planks":28,"minecraft:enchanted_golden_apple":3,"minecraft:white_candle":5,"minecraft:glowstone_dust":2,"minecraft:name_tag":1,"minecraft:echo_shard":3,"minecraft:deepslate_bricks":3,"minecraft:leather_chestplate":1,"minecraft:potato":8,"minecraft:shroomlight":1,"minecraft:deepslate_tiles":2,"minecraft:iron_chestplate":1,"minecraft:charcoal":8,"minecraft:golden_leggings":1,"minecraft:leather_leggings":1,"minecraft:arrow":2,"minecraft:wooden_pickaxe":1,"minecraft:bell":2,"minecraft:crying_obsidian":3,"minecraft:cracked_deepslate_bricks":2,"minecraft:quartz":5,"minecraft:water_bucket":1},"minecraft:killed_by":{"minecraft:enderman":1,"minecraft:piglin":1,"minecraft:warden":17},"minecraft:mined":{"minecraft:nether_gold_ore":54,"minecraft:large_amethyst_bud":1,"minecraft:tuff":15,"minecraft:white_bed":1,"minecraft:cobbled_deepslate_stairs":3,"minecraft:sculk_vein":9,"minecraft:cherry_log":27,"minecraft:brewing_stand":1,"minecraft:budding_amethyst":2,"minecraft:grass_block":3,"minecraft:crimson_roots":6,"minecraft:weeping_vines":1,"minecraft:deepslate_bricks":4,"minecraft:crimson_fungus":1,"minecraft:crimson_stem":9,"minecraft:hay_block":38,"minecraft:weeping_vines_plant":3,"minecraft:sculk_catalyst":2,"minecraft:furnace":1,"minecraft:iron_ore":26,"minecraft:fire":20,"minecraft:cobbled_deepslate":4,"minecraft:target":1,"minecraft:deepslate_lapis_ore":4,"minecraft:bell":1,"minecraft:sculk_shrieker":30,"minecraft:deepslate_iron_ore":21,"minecraft:oak_stairs":2,"minecraft:stripped_oak_log":5,"minecraft:stone":39,"minecraft:cherry_planks":3,"minecraft:crimson_nylium":9,"minecraft:amethyst_cluster":2,"minecraft:crafting_table":6,"minecraft:short_grass":14,"minecraft:calcite":1,"minecraft:lectern":1,"minecraft:sculk_sensor":8,"minecraft:campfire":1,"minecraft:white_candle":1,"minecraft:cracked_deepslate_bricks":1,"minecraft:sculk":293,"minecraft:amethyst_block":5,"minecraft:pink_petals":3,"minecraft:birch_planks":2,"minecraft:nether_wart_block":1,"minecraft:bee_nest":1,"minecraft:coal_ore":75,"minecraft:oak_log":29,"minecraft:cherry_leaves":2,"minecraft:sunflower":1,"minecraft:gravel":2,"minecraft:dirt":3,"minecraft:gray_carpet":1,"minecraft:netherrack":43,"minecraft:deepslate":31,"minecraft:deepslate_tiles":4},"minecraft:broken":{"minecraft:golden_helmet":1,"minecraft:stone_sword":1,"minecraft:stone_pickaxe":2,"minecraft:stone_axe":1,"minecraft:iron_sword":1},"minecraft:custom":{"minecraft:mob_kills":53,"minecraft:interact_with_crafting_table":28,"minecraft:leave_game":7,"minecraft:time_since_death":6301,"minecraft:climb_one_cm":7590,"minecraft:sprint_one_cm":135629,"minecraft:walk_one_cm":760399,"minecraft:damage_blocked_by_shield":160,"minecraft:drop":173,"minecraft:play_noteblock":1,"minecraft:talked_to_villager":3,"minecraft:target_hit":2,"minecraft:play_time":312965,"minecraft:sneak_time":103804,"minecraft:deaths":25,"minecraft:walk_under_water_one_cm":6979,"minecraft:interact_with_brewingstand":1,"minecraft:jump":3139,"minecraft:walk_on_water_one_cm":19705,"minecraft:total_world_time":312965,"minecraft:interact_with_furnace":28,"minecraft:sleep_in_bed":2,"minecraft:time_since_rest":6352,"minecraft:damage_taken":10200,"minecraft:damage_dealt":21527,"minecraft:swim_one_cm":7951,"minecraft:fly_one_cm":253284,"minecraft:player_kills":1,"minecraft:open_chest":57,"minecraft:crouch_one_cm":399056,"minecraft:horse_one_cm":183992,"minecraft:fall_one_cm":122253},"minecraft:used":{"minecraft:stone_sword":143,"minecraft:diamond_hoe":148,"minecraft:chest":2,"minecraft:shield":4,"minecraft:iron_sword":174,"minecraft:sculk":78,"minecraft:netherrack":45,"minecraft:iron_chestplate":1,"minecraft:torch":1,"minecraft:brewing_stand":1,"minecraft:dirt":1,"minecraft:tuff":14,"minecraft:snowball":14,"minecraft:obsidian":1,"minecraft:wooden_axe":17,"minecraft:iron_axe":74,"minecraft:oak_stairs":1,"minecraft:crimson_planks":31,"minecraft:golden_carrot":4,"minecraft:furnace":1,"minecraft:cooked_beef":1,"minecraft:cobbled_deepslate":36,"minecraft:iron_leggings":3,"minecraft:cooked_mutton":3,"minecraft:birch_planks":2,"minecraft:oak_planks":1,"minecraft:stone_pickaxe":449,"minecraft:gray_carpet":1,"minecraft:wooden_pickaxe":15,"minecraft:cherry_planks":50,"minecraft:white_wool":3,"minecraft:glow_berries":34,"minecraft:crafting_table":11,"minecraft:crossbow":2,"minecraft:white_bed":1,"minecraft:campfire":1,"minecraft:deepslate_tiles":2,"minecraft:bread":40,"minecraft:gravel":1,"minecraft:golden_leggings":1,"minecraft:stone_axe":165,"minecraft:nether_wart_block":1,"minecraft:cobblestone":17,"minecraft:cooked_porkchop":6,"minecraft:bucket":1,"minecraft:stripped_oak_log":4,"minecraft:splash_potion":2,"minecraft:experience_bottle":3}},"DataVersion":3839}