{"stats":{"minecraft:mined":{"minecraft:large_amethyst_bud":1,"minecraft:white_bed":1,"minecraft:cobbled_deepslate_stairs":3,"minecraft:cherry_log":46,"minecraft:cobblestone_stairs":1,"minecraft:sculk_vein":9,"minecraft:brewing_stand":2,"minecraft:budding_amethyst":2,"minecraft:grass_block":20,"minecraft:deepslate_bricks":4,"minecraft:crimson_fungus":1,"minecraft:weeping_vines_plant":3,"minecraft:sculk_catalyst":2,"minecraft:iron_ore":26,"minecraft:cobbled_deepslate":4,"minecraft:fire":26,"minecraft:target":3,"minecraft:deepslate_lapis_ore":4,"minecraft:azure_bluet":2,"minecraft:sculk_shrieker":30,"minecraft:dirt_path":17,"minecraft:oak_stairs":2,"minecraft:crimson_nylium":9,"minecraft:amethyst_cluster":2,"minecraft:calcite":1,"minecraft:melon":9,"minecraft:chest":1,"minecraft:cobblestone":10,"minecraft:white_candle":1,"minecraft:sugar_cane":6,"minecraft:wall_torch":1,"minecraft:amethyst_block":5,"minecraft:pink_petals":18,"minecraft:nether_wart_block":1,"minecraft:oak_log":29,"minecraft:dirt":177,"minecraft:netherrack":43,"minecraft:oak_leaves":1,"minecraft:deepslate":31,"minecraft:nether_gold_ore":54,"minecraft:deepslate_tiles":4,"minecraft:tuff":15,"minecraft:crimson_roots":6,"minecraft:weeping_vines":1,"minecraft:crimson_stem":9,"minecraft:hay_block":40,"minecraft:furnace":1,"minecraft:bell":3,"minecraft:deepslate_iron_ore":21,"minecraft:vine":1,"minecraft:stripped_oak_log":5,"minecraft:stone":78,"minecraft:cherry_planks":3,"minecraft:dandelion":2,"minecraft:crafting_table":6,"minecraft:short_grass":187,"minecraft:lectern":1,"minecraft:sculk_sensor":8,"minecraft:campfire":1,"minecraft:tall_grass":7,"minecraft:cracked_deepslate_bricks":1,"minecraft:sculk":293,"minecraft:birch_planks":2,"minecraft:bee_nest":1,"minecraft:coal_ore":76,"minecraft:cherry_leaves":6,"minecraft:sunflower":1,"minecraft:gravel":2,"minecraft:gray_carpet":1,"minecraft:fern":17},"minecraft:picked_up":{"minecraft:iron_chestplate":1,"minecraft:oak_stairs":2,"minecraft:potion":2,"minecraft:nether_brick":6,"minecraft:brewing_stand":3,"minecraft:amethyst_block":5,"minecraft:music_disc_cat":1,"minecraft:string":3,"minecraft:iron_leggings":2,"minecraft:shroomlight":1,"minecraft:deepslate_tiles":4,"minecraft:diamond_leggings":1,"minecraft:gold_nugget":239,"minecraft:cobbled_deepslate":43,"minecraft:melon_slice":55,"minecraft:furnace":1,"minecraft:golden_helmet":1,"minecraft:composter":1,"minecraft:torch":34,"minecraft:porkchop":38,"minecraft:target":3,"minecraft:cherry_log":47,"minecraft:rotten_flesh":13,"minecraft:polished_basalt":1,"minecraft:obsidian":3,"minecraft:snowball":371,"minecraft:cobblestone":105,"minecraft:enchanting_table":1,"minecraft:pink_petals":102,"minecraft:cherry_planks":5,"minecraft:golden_leggings":1,"minecraft:potato":5,"minecraft:tuff":15,"minecraft:lapis_lazuli":27,"minecraft:dirt":222,"minecraft:name_tag":1,"minecraft:bone":12,"minecraft:bow":1,"minecraft:wheat_seeds":33,"minecraft:bell":5,"minecraft:glowstone_dust":2,"minecraft:oak_planks":22,"minecraft:spectral_arrow":11,"minecraft:white_candle":5,"minecraft:crossbow":2,"minecraft:netherrack":45,"minecraft:crimson_roots":3,"minecraft:charcoal":8,"minecraft:crafting_table":6,"minecraft:azure_bluet":8,"minecraft:splash_potion":2,"minecraft:diamond_horse_armor":1,"minecraft:shield":1,"minecraft:iron_axe":1,"minecraft:blackstone":21,"minecraft:beef":94,"minecraft:lectern":1,"minecraft:sugar_cane":38,"minecraft:chest":1,"minecraft:raw_iron":87,"minecraft:redstone":2,"minecraft:stone_shovel":1,"minecraft:weeping_vines":3,"minecraft:arrow":8,"minecraft:deepslate_bricks":4,"minecraft:hay_block":41,"minecraft:cracked_deepslate_bricks":2,"minecraft:saddle":2,"minecraft:mutton":2,"minecraft:white_wool":6,"minecraft:stripped_oak_log":8,"minecraft:crimson_stem":9,"minecraft:leather":32,"minecraft:birch_planks":2,"minecraft:oak_log":29,"minecraft:lily_pad":1,"minecraft:nether_wart_block":1,"minecraft:cobbled_deepslate_stairs":3,"minecraft:cobblestone_stairs":2,"minecraft:cooked_mutton":3,"minecraft:gray_carpet":1,"minecraft:iron_ingot":11,"minecraft:soul_sand":50,"minecraft:iron_sword":1,"minecraft:sculk_catalyst":5,"minecraft:sculk":78,"minecraft:quartz":5,"minecraft:dandelion":7,"minecraft:gravel":38,"minecraft:amethyst_shard":8,"minecraft:white_bed":1,"minecraft:green_carpet":2,"minecraft:crying_obsidian":3,"minecraft:spider_eye":2,"minecraft:sculk_sensor":2,"minecraft:stone_axe":1,"minecraft:baked_potato":94,"minecraft:coal":242,"minecraft:sunflower":1,"minecraft:ender_pearl":1},"minecraft:used":{"minecraft:diamond_hoe":148,"minecraft:chest":5,"minecraft:shield":7,"minecraft:iron_sword":174,"minecraft:bell":1,"minecraft:iron_chestplate":1,"minecraft:tuff":14,"minecraft:snowball":17,"minecraft:obsidian":1,"minecraft:bow":1,"minecraft:furnace":3,"minecraft:gray_carpet":1,"minecraft:stone_pickaxe":517,"minecraft:oak_planks":2,"minecraft:wooden_pickaxe":15,"minecraft:white_wool":3,"minecraft:glow_berries":34,"minecraft:crossbow":2,"minecraft:deepslate_tiles":2,"minecraft:melon_slice":9,"minecraft:bread":49,"minecraft:gravel":1,"minecraft:nether_wart_block":1,"minecraft:experience_bottle":3,"minecraft:stone_sword":143,"minecraft:stone_shovel":131,"minecraft:sculk":78,"minecraft:netherrack":45,"minecraft:torch":2,"minecraft:brewing_stand":1,"minecraft:dirt":90,"minecraft:target":2,"minecraft:anvil":1,"minecraft:wooden_axe":17,"minecraft:iron_axe":178,"minecraft:oak_stairs":1,"minecraft:crimson_planks":31,"minecraft:golden_carrot":5,"minecraft:cooked_beef":2,"minecraft:cobbled_deepslate":36,"minecraft:cherry_log":3,"minecraft:iron_leggings":3,"minecraft:cooked_mutton":3,"minecraft:birch_planks":2,"minecraft:cherry_planks":50,"minecraft:crafting_table":11,"minecraft:white_bed":1,"minecraft:campfire":1,"minecraft:golden_leggings":1,"minecraft:stone_axe":165,"minecraft:pink_petals":4,"minecraft:cobblestone":20,"minecraft:cooked_porkchop":6,"minecraft:bucket":1,"minecraft:stripped_oak_log":4,"minecraft:splash_potion":2},"minecraft:dropped":{"minecraft:soul_sand":50,"minecraft:candle":8,"minecraft:porkchop":5,"minecraft:cooked_beef":38,"minecraft:baked_potato":62,"minecraft:ender_pearl":1,"minecraft:cooked_porkchop":15,"minecraft:weeping_vines":3,"minecraft:leather":1,"minecraft:saddle":2,"minecraft:cobblestone_stairs":2,"minecraft:dirt":26,"minecraft:mutton":2,"minecraft:crimson_roots":3,"minecraft:snowball":354,"minecraft:amethyst_shard":8,"minecraft:sunflower":1,"minecraft:white_wool":1,"minecraft:bone":34,"minecraft:gold_ingot":22,"minecraft:gravel":37,"minecraft:stone_axe":1,"minecraft:blackstone":21,"minecraft:sugar_cane":11,"minecraft:cobbled_deepslate":7,"minecraft:nether_brick":6,"minecraft:obsidian":2,"minecraft:rotten_flesh":9,"minecraft:enchanted_golden_apple":3,"minecraft:oak_planks":28,"minecraft:white_candle":5,"minecraft:glowstone_dust":2,"minecraft:azure_bluet":3,"minecraft:echo_shard":3,"minecraft:leather_chestplate":1,"minecraft:deepslate_tiles":2,"minecraft:charcoal":8,"minecraft:leather_leggings":1,"minecraft:arrow":3,"minecraft:beef":41,"minecraft:crying_obsidian":3,"minecraft:quartz":5,"minecraft:enchanted_book":5,"minecraft:water_bucket":1,"minecraft:golden_boots":1,"minecraft:iron_ingot":4,"minecraft:bread":78,"minecraft:wheat_seeds":9,"minecraft:cherry_log":1,"minecraft:cobbled_deepslate_stairs":3,"minecraft:diamond_leggings":3,"minecraft:lead":1,"minecraft:iron_helmet":1,"minecraft:cobblestone":12,"minecraft:spectral_arrow":9,"minecraft:coal":53,"minecraft:stick":8,"minecraft:diamond_horse_armor":4,"minecraft:brewing_stand":1,"minecraft:golden_carrot":5,"minecraft:sculk_catalyst":5,"minecraft:cherry_planks":86,"minecraft:potion":2,"minecraft:green_carpet":2,"minecraft:iron_leggings":7,"minecraft:oak_stairs":1,"minecraft:polished_basalt":1,"minecraft:string":3,"minecraft:pink_petals":62,"minecraft:lily_pad":1,"minecraft:music_disc_cat":2,"minecraft:dandelion":7,"minecraft:redstone":2,"minecraft:furnace":1,"minecraft:tuff":1,"minecraft:diamond_hoe":1,"minecraft:raw_iron":30,"minecraft:composter":1,"minecraft:sculk_sensor":4,"minecraft:name_tag":3,"minecraft:deepslate_bricks":4,"minecraft:potato":12,"minecraft:shroomlight":1,"minecraft:iron_chestplate":1,"minecraft:golden_leggings":1,"minecraft:spider_eye":2,"minecraft:wooden_pickaxe":2,"minecraft:bell":3,"minecraft:cracked_deepslate_bricks":2},"minecraft:custom":{"minecraft:interact_with_crafting_table":41,"minecraft:bell_ring":1,"minecraft:leave_game":9,"minecraft:time_since_death":123596,"minecraft:sprint_one_cm":213631,"minecraft:damage_blocked_by_shield":245,"minecraft:drop":232,"minecraft:play_noteblock":1,"minecraft:talked_to_villager":6,"minecraft:play_time":459127,"minecraft:deaths":27,"minecraft:jump":4340,"minecraft:interact_with_brewingstand":1,"minecraft:walk_on_water_one_cm":29893,"minecraft:interact_with_furnace":67,"minecraft:sleep_in_bed":4,"minecraft:damage_dealt":29258,"minecraft:player_kills":8,"minecraft:crouch_one_cm":410153,"minecraft:horse_one_cm":553399,"minecraft:mob_kills":94,"minecraft:interact_with_anvil":1,"minecraft:climb_one_cm":12924,"minecraft:walk_one_cm":1238614,"minecraft:target_hit":2,"minecraft:sneak_time":111119,"minecraft:walk_under_water_one_cm":17570,"minecraft:total_world_time":459127,"minecraft:time_since_rest":12756,"minecraft:damage_taken":11156,"minecraft:swim_one_cm":8458,"minecraft:fly_one_cm":324865,"minecraft:open_chest":119,"minecraft:fall_one_cm":153163},"minecraft:crafted":{"minecraft:oak_planks":120,"minecraft:bookshelf":3,"minecraft:iron_boots":1,"minecraft:chest":4,"minecraft:golden_boots":1,"minecraft:cooked_porkchop":31,"minecraft:crafting_table":7,"minecraft:wooden_pickaxe":2,"minecraft:iron_helmet":2,"minecraft:campfire":1,"minecraft:book":9,"minecraft:iron_chestplate":1,"minecraft:paper":27,"minecraft:stick":32,"minecraft:iron_ingot":55,"minecraft:iron_block":3,"minecraft:stone_sword":1,"minecraft:gold_ingot":26,"minecraft:cherry_planks":172,"minecraft:furnace":3,"minecraft:stone_pickaxe":5,"minecraft:wheat":369,"minecraft:cooked_beef":51,"minecraft:crimson_planks":36,"minecraft:crossbow":1,"minecraft:stone_axe":2,"minecraft:bread":123,"minecraft:air":0,"minecraft:wooden_axe":1,"minecraft:iron_leggings":1,"minecraft:anvil":1},"minecraft:killed_by":{"minecraft:piglin":1,"minecraft:player":1,"minecraft:enderman":1,"minecraft:warden":17},"minecraft:broken":{"minecraft:golden_helmet":1,"minecraft:stone_pickaxe":2,"minecraft:stone_axe":1,"minecraft:iron_sword":1,"minecraft:bow":1,"minecraft:stone_shovel":1,"minecraft:stone_sword":1,"minecraft:iron_axe":1},"minecraft:killed":{"minecraft:spider":2,"minecraft:skeleton":13,"minecraft:bee":2,"minecraft:piglin":7,"minecraft:pig":9,"minecraft:iron_golem":2,"minecraft:creeper":1,"minecraft:zombie":21,"minecraft:cow":25,"minecraft:horse":1,"minecraft:warden":4,"minecraft:hoglin":5,"minecraft:villager":1,"minecraft:enderman":1}},"DataVersion":3839}