{"stats":{"minecraft:crafted":{"minecraft:cherry_planks":108,"minecraft:furnace":1,"minecraft:iron_boots":1,"minecraft:stone_pickaxe":3,"minecraft:golden_boots":1,"minecraft:wheat":342,"minecraft:cooked_beef":1,"minecraft:crimson_planks":36,"minecraft:crossbow":1,"minecraft:cooked_porkchop":21,"minecraft:crafting_table":6,"minecraft:wooden_pickaxe":1,"minecraft:iron_helmet":2,"minecraft:campfire":1,"minecraft:stone_axe":2,"minecraft:air":0,"minecraft:bread":114,"minecraft:iron_chestplate":1,"minecraft:stick":24,"minecraft:iron_ingot":29,"minecraft:wooden_axe":1,"minecraft:stone_sword":1,"minecraft:iron_leggings":1,"minecraft:gold_ingot":26},"minecraft:picked_up":{"minecraft:crafting_table":6,"minecraft:iron_chestplate":1,"minecraft:splash_potion":2,"minecraft:potion":2,"minecraft:diamond_horse_armor":1,"minecraft:nether_brick":6,"minecraft:brewing_stand":2,"minecraft:shield":1,"minecraft:amethyst_block":5,"minecraft:music_disc_cat":1,"minecraft:string":1,"minecraft:iron_leggings":1,"minecraft:blackstone":21,"minecraft:shroomlight":1,"minecraft:deepslate_tiles":2,"minecraft:gold_nugget":239,"minecraft:cobbled_deepslate":5,"minecraft:beef":1,"minecraft:furnace":1,"minecraft:golden_helmet":1,"minecraft:raw_iron":61,"minecraft:torch":32,"minecraft:porkchop":26,"minecraft:cherry_log":27,"minecraft:arrow":2,"minecraft:weeping_vines":3,"minecraft:rotten_flesh":8,"minecraft:deepslate_bricks":3,"minecraft:hay_block":38,"minecraft:obsidian":3,"minecraft:snowball":80,"minecraft:cobblestone":41,"minecraft:pink_petals":60,"minecraft:cherry_planks":4,"minecraft:crimson_stem":9,"minecraft:leather":10,"minecraft:golden_leggings":1,"minecraft:potato":1,"minecraft:oak_log":3,"minecraft:nether_wart_block":1,"minecraft:dirt":12,"minecraft:name_tag":1,"minecraft:bone":6,"minecraft:gray_carpet":1,"minecraft:wheat_seeds":4,"minecraft:bell":2,"minecraft:iron_ingot":4,"minecraft:glowstone_dust":2,"minecraft:soul_sand":50,"minecraft:sculk_catalyst":2,"minecraft:sculk":78,"minecraft:quartz":5,"minecraft:gravel":38,"minecraft:amethyst_shard":8,"minecraft:white_bed":1,"minecraft:crying_obsidian":3,"minecraft:spectral_arrow":11,"minecraft:sculk_sensor":2,"minecraft:crossbow":2,"minecraft:netherrack":45,"minecraft:coal":241,"minecraft:sunflower":1,"minecraft:crimson_roots":3,"minecraft:ender_pearl":1,"minecraft:charcoal":8},"minecraft:killed":{"minecraft:spider":1,"minecraft:skeleton":3,"minecraft:bee":2,"minecraft:warden":1,"minecraft:piglin":7,"minecraft:pig":4,"minecraft:iron_golem":1,"minecraft:hoglin":5,"minecraft:zombie":11,"minecraft:cow":1,"minecraft:enderman":1},"minecraft:dropped":{"minecraft:golden_boots":1,"minecraft:iron_ingot":4,"minecraft:bread":78,"minecraft:soul_sand":50,"minecraft:candle":8,"minecraft:porkchop":5,"minecraft:wheat_seeds":4,"minecraft:cooked_porkchop":15,"minecraft:diamond_leggings":1,"minecraft:weeping_vines":3,"minecraft:iron_helmet":1,"minecraft:cobblestone":12,"minecraft:leather":1,"minecraft:saddle":1,"minecraft:coal":53,"minecraft:stick":6,"minecraft:diamond_horse_armor":2,"minecraft:dirt":11,"minecraft:brewing_stand":1,"minecraft:sculk_catalyst":1,"minecraft:crimson_roots":3,"minecraft:cherry_planks":26,"minecraft:snowball":66,"minecraft:potion":2,"minecraft:iron_leggings":2,"minecraft:sunflower":1,"minecraft:string":1,"minecraft:pink_petals":60,"minecraft:music_disc_cat":2,"minecraft:bone":28,"minecraft:gold_ingot":22,"minecraft:gravel":37,"minecraft:blackstone":21,"minecraft:cobbled_deepslate":5,"minecraft:nether_brick":6,"minecraft:obsidian":2,"minecraft:raw_iron":30,"minecraft:sculk_sensor":4,"minecraft:rotten_flesh":4,"minecraft:enchanted_golden_apple":2,"minecraft:glowstone_dust":2,"minecraft:name_tag":1,"minecraft:echo_shard":3,"minecraft:deepslate_bricks":3,"minecraft:leather_chestplate":1,"minecraft:potato":8,"minecraft:shroomlight":1,"minecraft:deepslate_tiles":2,"minecraft:iron_chestplate":1,"minecraft:charcoal":8,"minecraft:golden_leggings":1,"minecraft:leather_leggings":1,"minecraft:arrow":2,"minecraft:wooden_pickaxe":1,"minecraft:bell":2,"minecraft:crying_obsidian":3,"minecraft:quartz":5},"minecraft:killed_by":{"minecraft:enderman":1,"minecraft:piglin":1,"minecraft:warden":7},"minecraft:mined":{"minecraft:nether_gold_ore":54,"minecraft:deepslate_tiles":2,"minecraft:large_amethyst_bud":1,"minecraft:white_bed":1,"minecraft:cherry_log":27,"minecraft:brewing_stand":1,"minecraft:budding_amethyst":2,"minecraft:grass_block":3,"minecraft:crimson_roots":6,"minecraft:weeping_vines":1,"minecraft:deepslate_bricks":3,"minecraft:crimson_fungus":1,"minecraft:crimson_stem":9,"minecraft:hay_block":38,"minecraft:weeping_vines_plant":3,"minecraft:sculk_catalyst":2,"minecraft:furnace":1,"minecraft:iron_ore":21,"minecraft:fire":20,"minecraft:bell":1,"minecraft:sculk_shrieker":2,"minecraft:stone":33,"minecraft:cherry_planks":3,"minecraft:crimson_nylium":9,"minecraft:amethyst_cluster":2,"minecraft:crafting_table":6,"minecraft:short_grass":6,"minecraft:calcite":1,"minecraft:sculk_sensor":4,"minecraft:campfire":1,"minecraft:sculk":242,"minecraft:amethyst_block":5,"minecraft:pink_petals":3,"minecraft:birch_planks":2,"minecraft:nether_wart_block":1,"minecraft:bee_nest":1,"minecraft:oak_log":3,"minecraft:coal_ore":75,"minecraft:cherry_leaves":2,"minecraft:sunflower":1,"minecraft:dirt":3,"minecraft:gray_carpet":1,"minecraft:netherrack":43,"minecraft:deepslate":4},"minecraft:broken":{"minecraft:golden_helmet":1,"minecraft:stone_sword":1,"minecraft:stone_pickaxe":1,"minecraft:stone_axe":1},"minecraft:custom":{"minecraft:mob_kills":37,"minecraft:interact_with_crafting_table":19,"minecraft:leave_game":5,"minecraft:time_since_death":778,"minecraft:climb_one_cm":5753,"minecraft:sprint_one_cm":43319,"minecraft:walk_one_cm":513179,"minecraft:damage_blocked_by_shield":160,"minecraft:drop":129,"minecraft:target_hit":2,"minecraft:play_time":181767,"minecraft:sneak_time":44916,"minecraft:deaths":13,"minecraft:walk_under_water_one_cm":3549,"minecraft:jump":1676,"minecraft:walk_on_water_one_cm":9002,"minecraft:total_world_time":181767,"minecraft:interact_with_furnace":28,"minecraft:sleep_in_bed":1,"minecraft:time_since_rest":809,"minecraft:damage_taken":6250,"minecraft:damage_dealt":9163,"minecraft:swim_one_cm":4693,"minecraft:fly_one_cm":96125,"minecraft:player_kills":1,"minecraft:open_chest":10,"minecraft:crouch_one_cm":166940,"minecraft:fall_one_cm":64750},"minecraft:used":{"minecraft:stone_sword":143,"minecraft:diamond_hoe":148,"minecraft:shield":4,"minecraft:sculk":64,"minecraft:netherrack":44,"minecraft:iron_chestplate":1,"minecraft:dirt":1,"minecraft:snowball":14,"minecraft:obsidian":1,"minecraft:wooden_axe":17,"minecraft:crimson_planks":31,"minecraft:furnace":1,"minecraft:iron_leggings":2,"minecraft:stone_pickaxe":270,"minecraft:gray_carpet":1,"minecraft:wooden_pickaxe":8,"minecraft:cherry_planks":49,"minecraft:glow_berries":1,"minecraft:crafting_table":10,"minecraft:crossbow":2,"minecraft:white_bed":1,"minecraft:campfire":1,"minecraft:bread":40,"minecraft:golden_leggings":1,"minecraft:stone_axe":142,"minecraft:nether_wart_block":1,"minecraft:cobblestone":4,"minecraft:cooked_porkchop":5,"minecraft:splash_potion":2}},"DataVersion":3839}