{"stats":{"minecraft:mined":{"minecraft:large_amethyst_bud":1,"minecraft:white_bed":1,"minecraft:cobbled_deepslate_stairs":3,"minecraft:cherry_log":27,"minecraft:cobblestone_stairs":1,"minecraft:sculk_vein":9,"minecraft:brewing_stand":2,"minecraft:budding_amethyst":2,"minecraft:grass_block":5,"minecraft:deepslate_bricks":4,"minecraft:crimson_fungus":1,"minecraft:weeping_vines_plant":3,"minecraft:sculk_catalyst":2,"minecraft:iron_ore":26,"minecraft:cobbled_deepslate":4,"minecraft:fire":26,"minecraft:target":3,"minecraft:deepslate_lapis_ore":4,"minecraft:sculk_shrieker":30,"minecraft:oak_stairs":2,"minecraft:crimson_nylium":9,"minecraft:amethyst_cluster":2,"minecraft:calcite":1,"minecraft:melon":9,"minecraft:chest":1,"minecraft:cobblestone":8,"minecraft:white_candle":1,"minecraft:sugar_cane":6,"minecraft:amethyst_block":5,"minecraft:pink_petals":3,"minecraft:nether_wart_block":1,"minecraft:oak_log":29,"minecraft:dirt":10,"minecraft:netherrack":43,"minecraft:oak_leaves":1,"minecraft:deepslate":31,"minecraft:nether_gold_ore":54,"minecraft:deepslate_tiles":4,"minecraft:tuff":15,"minecraft:crimson_roots":6,"minecraft:weeping_vines":1,"minecraft:crimson_stem":9,"minecraft:hay_block":40,"minecraft:furnace":1,"minecraft:bell":3,"minecraft:deepslate_iron_ore":21,"minecraft:vine":1,"minecraft:stripped_oak_log":5,"minecraft:stone":62,"minecraft:cherry_planks":3,"minecraft:dandelion":2,"minecraft:crafting_table":6,"minecraft:short_grass":171,"minecraft:lectern":1,"minecraft:sculk_sensor":8,"minecraft:campfire":1,"minecraft:tall_grass":1,"minecraft:cracked_deepslate_bricks":1,"minecraft:sculk":293,"minecraft:birch_planks":2,"minecraft:bee_nest":1,"minecraft:coal_ore":75,"minecraft:cherry_leaves":2,"minecraft:sunflower":1,"minecraft:gravel":2,"minecraft:gray_carpet":1,"minecraft:fern":17},"minecraft:picked_up":{"minecraft:iron_chestplate":1,"minecraft:oak_stairs":2,"minecraft:potion":2,"minecraft:nether_brick":6,"minecraft:brewing_stand":3,"minecraft:amethyst_block":5,"minecraft:music_disc_cat":1,"minecraft:string":1,"minecraft:iron_leggings":2,"minecraft:shroomlight":1,"minecraft:deepslate_tiles":4,"minecraft:gold_nugget":239,"minecraft:cobbled_deepslate":43,"minecraft:melon_slice":55,"minecraft:furnace":1,"minecraft:golden_helmet":1,"minecraft:composter":1,"minecraft:torch":33,"minecraft:porkchop":38,"minecraft:target":3,"minecraft:cherry_log":27,"minecraft:rotten_flesh":10,"minecraft:polished_basalt":1,"minecraft:obsidian":3,"minecraft:snowball":80,"minecraft:cobblestone":91,"minecraft:enchanting_table":1,"minecraft:pink_petals":62,"minecraft:cherry_planks":5,"minecraft:golden_leggings":1,"minecraft:potato":5,"minecraft:tuff":15,"minecraft:lapis_lazuli":27,"minecraft:dirt":21,"minecraft:name_tag":1,"minecraft:bone":7,"minecraft:wheat_seeds":31,"minecraft:bell":5,"minecraft:glowstone_dust":2,"minecraft:oak_planks":22,"minecraft:spectral_arrow":11,"minecraft:white_candle":5,"minecraft:crossbow":2,"minecraft:netherrack":45,"minecraft:crimson_roots":3,"minecraft:charcoal":8,"minecraft:crafting_table":6,"minecraft:azure_bluet":3,"minecraft:splash_potion":2,"minecraft:diamond_horse_armor":1,"minecraft:shield":1,"minecraft:iron_axe":1,"minecraft:blackstone":21,"minecraft:beef":94,"minecraft:lectern":1,"minecraft:sugar_cane":38,"minecraft:chest":1,"minecraft:raw_iron":87,"minecraft:redstone":2,"minecraft:weeping_vines":3,"minecraft:arrow":4,"minecraft:deepslate_bricks":4,"minecraft:hay_block":41,"minecraft:cracked_deepslate_bricks":2,"minecraft:saddle":2,"minecraft:mutton":2,"minecraft:white_wool":6,"minecraft:stripped_oak_log":8,"minecraft:crimson_stem":9,"minecraft:leather":32,"minecraft:birch_planks":2,"minecraft:oak_log":29,"minecraft:lily_pad":1,"minecraft:nether_wart_block":1,"minecraft:cobbled_deepslate_stairs":3,"minecraft:cobblestone_stairs":2,"minecraft:cooked_mutton":3,"minecraft:gray_carpet":1,"minecraft:iron_ingot":11,"minecraft:iron_sword":1,"minecraft:soul_sand":50,"minecraft:sculk_catalyst":5,"minecraft:sculk":78,"minecraft:quartz":5,"minecraft:dandelion":5,"minecraft:gravel":38,"minecraft:amethyst_shard":8,"minecraft:white_bed":1,"minecraft:green_carpet":2,"minecraft:crying_obsidian":3,"minecraft:spider_eye":2,"minecraft:sculk_sensor":2,"minecraft:baked_potato":94,"minecraft:coal":241,"minecraft:ender_pearl":1,"minecraft:sunflower":1},"minecraft:used":{"minecraft:diamond_hoe":148,"minecraft:chest":5,"minecraft:shield":5,"minecraft:iron_sword":174,"minecraft:bell":1,"minecraft:iron_chestplate":1,"minecraft:tuff":14,"minecraft:snowball":14,"minecraft:obsidian":1,"minecraft:furnace":3,"minecraft:gray_carpet":1,"minecraft:stone_pickaxe":485,"minecraft:oak_planks":2,"minecraft:wooden_pickaxe":15,"minecraft:white_wool":3,"minecraft:glow_berries":34,"minecraft:crossbow":2,"minecraft:deepslate_tiles":2,"minecraft:bread":41,"minecraft:gravel":1,"minecraft:nether_wart_block":1,"minecraft:experience_bottle":3,"minecraft:stone_sword":143,"minecraft:sculk":78,"minecraft:netherrack":45,"minecraft:torch":1,"minecraft:brewing_stand":1,"minecraft:dirt":4,"minecraft:target":2,"minecraft:anvil":1,"minecraft:wooden_axe":17,"minecraft:iron_axe":154,"minecraft:oak_stairs":1,"minecraft:crimson_planks":31,"minecraft:golden_carrot":5,"minecraft:cooked_beef":1,"minecraft:cobbled_deepslate":36,"minecraft:iron_leggings":3,"minecraft:cooked_mutton":3,"minecraft:birch_planks":2,"minecraft:cherry_planks":50,"minecraft:crafting_table":11,"minecraft:white_bed":1,"minecraft:campfire":1,"minecraft:golden_leggings":1,"minecraft:stone_axe":165,"minecraft:cobblestone":20,"minecraft:cooked_porkchop":6,"minecraft:bucket":1,"minecraft:stripped_oak_log":4,"minecraft:splash_potion":2},"minecraft:dropped":{"minecraft:soul_sand":50,"minecraft:candle":8,"minecraft:porkchop":5,"minecraft:cooked_beef":38,"minecraft:baked_potato":62,"minecraft:ender_pearl":1,"minecraft:cooked_porkchop":15,"minecraft:weeping_vines":3,"minecraft:leather":1,"minecraft:saddle":2,"minecraft:cobblestone_stairs":2,"minecraft:dirt":17,"minecraft:mutton":2,"minecraft:crimson_roots":3,"minecraft:snowball":66,"minecraft:amethyst_shard":8,"minecraft:sunflower":1,"minecraft:white_wool":1,"minecraft:gold_ingot":22,"minecraft:bone":29,"minecraft:gravel":37,"minecraft:blackstone":21,"minecraft:sugar_cane":11,"minecraft:cobbled_deepslate":7,"minecraft:nether_brick":6,"minecraft:obsidian":2,"minecraft:rotten_flesh":6,"minecraft:enchanted_golden_apple":3,"minecraft:oak_planks":28,"minecraft:white_candle":5,"minecraft:glowstone_dust":2,"minecraft:azure_bluet":3,"minecraft:echo_shard":3,"minecraft:leather_chestplate":1,"minecraft:deepslate_tiles":2,"minecraft:charcoal":8,"minecraft:leather_leggings":1,"minecraft:arrow":3,"minecraft:beef":41,"minecraft:crying_obsidian":3,"minecraft:quartz":5,"minecraft:enchanted_book":5,"minecraft:water_bucket":1,"minecraft:golden_boots":1,"minecraft:iron_ingot":4,"minecraft:bread":78,"minecraft:wheat_seeds":7,"minecraft:cobbled_deepslate_stairs":3,"minecraft:diamond_leggings":2,"minecraft:lead":1,"minecraft:iron_helmet":1,"minecraft:cobblestone":12,"minecraft:spectral_arrow":9,"minecraft:coal":53,"minecraft:stick":8,"minecraft:diamond_horse_armor":4,"minecraft:brewing_stand":1,"minecraft:golden_carrot":5,"minecraft:sculk_catalyst":5,"minecraft:cherry_planks":26,"minecraft:potion":2,"minecraft:green_carpet":2,"minecraft:iron_leggings":7,"minecraft:oak_stairs":1,"minecraft:polished_basalt":1,"minecraft:string":1,"minecraft:pink_petals":62,"minecraft:lily_pad":1,"minecraft:music_disc_cat":2,"minecraft:dandelion":5,"minecraft:redstone":2,"minecraft:furnace":1,"minecraft:tuff":1,"minecraft:diamond_hoe":1,"minecraft:raw_iron":30,"minecraft:composter":1,"minecraft:sculk_sensor":4,"minecraft:name_tag":3,"minecraft:deepslate_bricks":4,"minecraft:potato":12,"minecraft:shroomlight":1,"minecraft:iron_chestplate":1,"minecraft:golden_leggings":1,"minecraft:spider_eye":2,"minecraft:wooden_pickaxe":2,"minecraft:bell":3,"minecraft:cracked_deepslate_bricks":2},"minecraft:custom":{"minecraft:interact_with_crafting_table":41,"minecraft:bell_ring":1,"minecraft:leave_game":8,"minecraft:time_since_death":39032,"minecraft:sprint_one_cm":213449,"minecraft:damage_blocked_by_shield":185,"minecraft:drop":201,"minecraft:play_noteblock":1,"minecraft:talked_to_villager":5,"minecraft:play_time":374563,"minecraft:deaths":27,"minecraft:jump":3744,"minecraft:interact_with_brewingstand":1,"minecraft:walk_on_water_one_cm":22071,"minecraft:interact_with_furnace":65,"minecraft:sleep_in_bed":3,"minecraft:damage_dealt":25088,"minecraft:player_kills":1,"minecraft:crouch_one_cm":402074,"minecraft:horse_one_cm":492164,"minecraft:mob_kills":79,"minecraft:climb_one_cm":12924,"minecraft:walk_one_cm":960371,"minecraft:target_hit":2,"minecraft:sneak_time":104983,"minecraft:walk_under_water_one_cm":8526,"minecraft:total_world_time":374563,"minecraft:time_since_rest":30940,"minecraft:damage_taken":10515,"minecraft:swim_one_cm":8458,"minecraft:fly_one_cm":319474,"minecraft:open_chest":111,"minecraft:fall_one_cm":137371},"minecraft:crafted":{"minecraft:oak_planks":120,"minecraft:bookshelf":3,"minecraft:iron_boots":1,"minecraft:chest":4,"minecraft:golden_boots":1,"minecraft:cooked_porkchop":31,"minecraft:crafting_table":7,"minecraft:wooden_pickaxe":2,"minecraft:iron_helmet":2,"minecraft:campfire":1,"minecraft:book":9,"minecraft:iron_chestplate":1,"minecraft:paper":27,"minecraft:stick":32,"minecraft:iron_ingot":55,"minecraft:iron_block":3,"minecraft:stone_sword":1,"minecraft:gold_ingot":26,"minecraft:cherry_planks":108,"minecraft:furnace":3,"minecraft:stone_pickaxe":5,"minecraft:wheat":369,"minecraft:cooked_beef":51,"minecraft:crimson_planks":36,"minecraft:crossbow":1,"minecraft:stone_axe":2,"minecraft:air":0,"minecraft:bread":123,"minecraft:wooden_axe":1,"minecraft:iron_leggings":1,"minecraft:anvil":1},"minecraft:killed_by":{"minecraft:piglin":1,"minecraft:player":1,"minecraft:enderman":1,"minecraft:warden":17},"minecraft:broken":{"minecraft:golden_helmet":1,"minecraft:stone_pickaxe":2,"minecraft:stone_axe":1,"minecraft:iron_sword":1,"minecraft:stone_sword":1},"minecraft:killed":{"minecraft:spider":1,"minecraft:skeleton":5,"minecraft:bee":2,"minecraft:piglin":7,"minecraft:pig":9,"minecraft:iron_golem":2,"minecraft:zombie":16,"minecraft:cow":25,"minecraft:horse":1,"minecraft:warden":4,"minecraft:hoglin":5,"minecraft:villager":1,"minecraft:enderman":1}},"DataVersion":3839}